user_id,follower_count,influence_score
0,6335,48
1,7168,45
2,7009,48
3,7995,43
4,1046,40
5,6322,41
6,7104,33
7,4677,45
8,8330,39
9,12377,42
10,19093,43
11,5985,32
12,11043,45
13,20600,43
14,5561,37
15,5610,40
16,6265,56
17,3336,47
18,4281,40
19,7762,39
20,2384,48
21,8074,21
22,5019,42
23,10353,39
24,7959,37
25,3463,43
26,6638,47
27,5509,47
28,7315,40
29,3484,42
30,7231,44
31,15682,46
32,4858,35
33,4956,35
34,5542,41
35,4352,35
36,4695,36
37,5515,42
38,12114,32
39,15825,42
40,12596,40
41,5936,33
42,11532,36
43,3498,50
44,2849,36
45,6544,39
46,3759,46
47,4663,35
48,6046,43
49,5214,36
50,8328,41
51,4009,37
52,7202,41
53,5011,40
54,6402,28
55,4739,37
56,6170,44
57,19814,46
58,8617,41
59,7720,38
60,10224,47
61,6239,36
62,7714,35
63,12748,37
64,6931,36
65,4462,38
66,12156,52
67,6627,43
68,7673,49
69,7693,29
70,5660,47
71,5579,37
72,7751,33
73,2785,43
74,5059,45
75,3189,34
76,8150,45
77,8803,31
78,4681,33
79,3217,51
80,11042,36
81,6523,37
82,6321,36
83,2603,46
84,7001,46
85,6187,47
86,5307,33
87,4271,33
88,5087,37
89,7472,55
90,6249,41
91,5035,35
92,4472,45
93,5098,48
94,7832,41
95,1802,54
96,3316,38
97,7160,37
98,5081,33
99,6921,43
100,6269,50
101,6582,40
102,9596,37
103,1980,26
104,4066,52
105,3519,48
106,5736,44
107,5293,43
108,12647,45
109,7511,35
110,5367,46
111,11430,38
112,2757,33
113,2942,34
114,13118,29
115,10343,41
116,6038,39
117,6357,29
118,8427,42
119,9670,47
120,9455,38
121,12048,45
122,2673,43
123,13091,35
124,6736,29
125,10316,38
126,4532,50
127,3730,29
128,3465,40
129,10344,53
130,2254,47
131,5828,39
132,3445,36
133,10335,46
134,9620,25
135,2557,49
136,5063,43
137,5925,45
138,4001,48
139,5439,52
140,2815,33
141,4716,38
142,4500,48
143,4332,39
144,6566,38
145,3271,29
146,13748,41
147,6764,27
148,2057,36
149,8321,30
150,4571,31
151,9485,28
152,1980,28
153,3567,33
154,12061,55
155,11989,58
156,5116,32
157,2336,56
158,17647,32
159,5623,28
160,6579,38
161,2294,31
162,5863,36
163,7431,39
164,6404,54
165,3177,28
166,4648,38
167,3856,50
168,8793,42
169,11435,25
170,7380,39
171,6896,48
172,5715,43
173,2347,42
174,5077,40
175,5394,31
176,9306,39
177,5847,51
178,21976,43
179,10205,42
180,2433,34
181,4709,45
182,5133,35
183,2661,49
184,3486,38
185,3469,44
186,7450,48
187,4542,31
188,5734,37
189,14803,35
190,4759,48
191,5516,34
192,10028,31
193,10926,29
194,8574,46
195,3938,40
196,6373,43
197,4933,46
198,10895,41
199,6268,37
200,7535,48
201,7354,37
202,4276,49
203,7283,48
204,11362,52
205,16293,48
206,6520,56
207,4837,41
208,9413,41
209,7196,36
210,8479,31
211,5720,47
212,3882,36
213,4535,37
214,2570,40
215,9868,36
216,8805,34
217,6747,53
218,7346,45
219,2255,38
220,3453,43
221,5709,34
222,3585,41
223,5208,42
224,8322,35
225,5478,36
226,4397,40
227,6318,42
228,6291,43
229,9703,30
230,4123,37
231,2496,29
232,2698,42
233,9377,37
234,4082,43
235,7124,43
236,3866,43
237,3404,26
238,10926,58
239,5574,39
240,3619,40
241,8757,39
242,11214,28
243,11484,35
244,8944,34
245,4528,37
246,6632,60
247,6503,43
248,6632,49
249,4635,36
250,8669,30
251,4992,45
252,4662,42
253,8285,51
254,5049,36
255,6200,31
256,12228,39
257,2299,38
258,2688,39
259,5723,46
260,5481,38
261,10488,34
262,13520,35
263,9556,32
264,6141,38
265,8143,44
266,18911,41
267,5865,27
268,4504,46
269,4168,36
270,4586,30
271,5419,32
272,7924,38
273,4578,42
274,9292,33
275,3998,34
276,2819,35
277,2491,28
278,3215,38
279,11352,40
280,2700,37
281,7898,39
282,14153,33
283,7035,42
284,13752,33
285,6177,35
286,5204,41
287,4026,40
288,12122,36
289,7163,40
290,4256,37
291,6071,35
292,9874,35
293,9409,32
294,3217,36
295,9466,44
296,5413,31
297,7739,42
298,4553,32
299,17475,41
300,7238,33
301,2968,42
302,1837,45
303,5095,45
304,20618,39
305,13591,36
306,6609,35
307,2688,43
308,19589,40
309,8496,44
310,4739,33
311,7166,41
312,11581,42
313,3397,35
314,9180,39
315,8050,44
316,8266,42
317,5616,44
318,6371,41
319,4431,38
320,5243,35
321,9359,43
322,3612,57
323,5572,28
324,6199,43
325,4422,36
326,3455,45
327,6489,41
328,9737,45
329,12885,49
330,13053,33
331,4650,49
332,2975,45
333,7534,55
334,6627,51
335,8624,37
336,5178,45
337,5249,45
338,10213,45
339,6074,37
340,5148,43
341,14657,41
342,5816,45
343,2909,51
344,3627,25
345,13510,33
346,2270,55
347,8275,38
348,9679,38
349,11469,36
350,6264,46
351,13934,48
352,5274,39
353,10278,29
354,7069,38
355,6012,34
356,4073,36
357,3494,28
358,11064,42
359,6622,35
360,6651,43
361,3265,37
362,3927,41
363,11716,32
364,13410,38
365,6144,40
366,7026,50
367,12585,46
368,6742,44
369,12666,40
370,3607,44
371,6295,46
372,16472,45
373,5370,39
374,4804,39
375,3291,41
376,9414,35
377,5212,28
378,4712,41
379,3016,38
380,5335,33
381,4569,39
382,7418,43
383,5711,50
384,13837,36
385,7957,38
386,12168,41
387,4926,41
388,3140,48
389,6070,43
390,9833,41
391,6661,36
392,2856,43
393,12256,43
394,11678,35
395,3382,36
396,3443,46
397,6075,42
398,4927,49
399,15535,41
400,4773,35
401,5203,41
402,7306,43
403,10021,35
404,11923,40
405,3021,35
406,2995,47
407,3520,46
408,4760,54
409,7645,40
410,4983,33
411,6122,28
412,8193,45
413,7616,47
414,8365,38
415,6754,37
416,11282,34
417,3255,35
418,13921,39
419,7168,38
420,10654,42
421,8665,37
422,4220,30
423,5773,43
424,3435,38
425,3069,40
426,3125,48
427,6925,37
428,16683,42
429,6076,37
430,10891,23
431,4057,31
432,5885,38
433,15482,44
434,5265,40
435,1779,45
436,7028,38
437,4423,38
438,4416,45
439,7084,49
440,3712,42
441,6328,47
442,6893,40
443,4980,41
444,9581,35
445,8554,54
446,9605,52
447,9639,35
448,6983,33
449,6165,33
450,8612,41
451,5407,28
452,8489,33
453,6022,30
454,9064,44
455,7905,46
456,1755,32
457,19634,38
458,5355,43
459,5983,44
460,7623,30
461,2700,37
462,9518,44
463,6264,52
464,13097,26
465,3413,43
466,4129,28
467,5326,34
468,6742,36
469,16874,37
470,17882,31
471,8520,34
472,12346,44
473,5674,39
474,7485,52
475,3789,30
476,8786,39
477,3407,39
478,3606,45
479,3076,40
480,7754,38
481,5348,39
482,9832,45
483,5042,36
484,3126,35
485,8457,41
486,3588,46
487,7322,43
488,6518,57
489,7612,33
490,3705,36
491,2995,35
492,4850,48
493,4761,29
494,4169,37
495,3434,49
496,4581,37
497,7823,41
498,5454,33
499,6220,37
500,10427,50
501,25203,42
502,3925,40
503,6796,42
504,10570,60
505,18150,35
506,9611,45
507,6893,29
508,3949,38
509,9084,42
510,9426,40
511,6728,30
512,9726,49
513,3104,31
514,7044,49
515,7968,37
516,4856,43
517,18520,38
518,7280,42
519,7943,35
520,6023,49
521,9775,32
522,15455,47
523,9800,28
524,2717,33
525,6424,45
526,4058,43
527,7740,29
528,5724,36
529,5254,25
530,15817,44
531,2657,36
532,12093,36
533,12825,33
534,4553,40
535,10570,30
536,5142,32
537,4410,34
538,6782,33
539,8814,39
540,5008,44
541,4381,59
542,9317,37
543,5907,48
544,5406,29
545,12558,37
546,7554,38
547,8739,63
548,12137,43
549,9644,35
550,6450,47
551,3059,38
552,6575,36
553,13295,49
554,3273,43
555,7987,41
556,7826,35
557,7206,47
558,3298,42
559,4370,38
560,5208,52
561,7569,38
562,5865,35
563,4491,41
564,9234,40
565,3885,32
566,8723,41
567,4164,42
568,4432,27
569,10756,43
570,4458,41
571,2551,36
572,7395,28
573,4521,39
574,6311,24
575,4161,51
576,7049,40
577,1432,33
578,7401,48
579,4768,38
580,4792,41
581,5148,38
582,5447,38
583,7683,42
584,3737,32
585,4489,36
586,10277,38
587,5393,41
588,4565,41
589,16148,41
590,4223,38
591,10618,40
592,11230,41
593,6580,44
594,12238,30
595,7126,43
596,15084,31
597,2034,37
598,10005,36
599,12326,34
600,6484,37
601,4687,39
602,3954,49
603,3009,47
604,4345,36
605,7616,43
606,7108,54
607,9259,46
608,9632,38
609,5993,33
610,3183,32
611,6256,42
612,8062,43
613,4829,29
614,4143,49
615,5991,41
616,2951,32
617,4665,41
618,3053,46
619,8153,35
620,4319,43
621,17519,45
622,4175,41
623,11433,40
624,13755,46
625,18658,40
626,18739,32
627,9272,37
628,2537,43
629,6087,32
630,3904,38
631,11031,39
632,6920,40
633,5298,40
634,4450,31
635,3479,45
636,11725,42
637,5172,36
638,2735,46
639,7210,50
640,3100,43
641,8291,44
642,5120,40
643,2998,37
644,4983,36
645,6081,29
646,4139,40
647,13481,27
648,4309,51
649,5945,38
650,3966,49
651,3556,37
652,3332,51
653,5000,35
654,6206,27
655,5640,32
656,4692,48
657,6288,42
658,8001,43
659,6885,54
660,7204,33
661,2333,43
662,3869,47
663,11549,54
664,6048,38
665,4395,40
666,5042,36
667,4849,43
668,4637,44
669,5696,49
670,3566,43
671,6024,38
672,3935,24
673,10960,37
674,7830,50
675,5226,49
676,4617,35
677,6919,37
678,5077,44
679,6905,47
680,5310,36
681,3048,38
682,3228,33
683,8460,34
684,5554,39
685,3120,38
686,15741,36
687,5169,39
688,15908,44
689,3303,42
690,3414,32
691,8832,41
692,8295,42
693,13617,38
694,5292,45
695,11791,47
696,9697,52
697,4436,25
698,7865,44
699,1603,42
700,4081,44
701,6899,31
702,8252,39
703,4986,37
704,8957,38
705,8752,40
706,2082,47
707,5974,33
708,13550,39
709,6184,45
710,6482,30
711,4855,51
712,5187,39
713,10619,45
714,12037,46
715,6789,44
716,12474,47
717,9862,39
718,2692,43
719,4800,31
720,5382,41
721,4040,43
722,3547,37
723,9294,60
724,6841,40
725,2682,49
726,3590,38
727,4388,45
728,11235,54
729,5521,26
730,5816,49
731,3118,39
732,3404,42
733,3640,46
734,4546,44
735,6226,50
736,9340,49
737,4641,47
738,16846,31
739,7294,45
740,3862,39
741,7659,49
742,4653,34
743,18440,50
744,3046,52
745,5651,44
746,4873,37
747,5908,36
748,4829,50
749,8803,45
750,2288,37
751,5758,40
752,9900,24
753,11043,44
754,8262,48
755,2919,34
756,3872,42
757,4396,41
758,3288,32
759,7450,36
760,14095,50
761,6675,46
762,4881,34
763,4180,32
764,2347,40
765,26573,42
766,2926,44
767,4583,38
768,4635,36
769,7201,35
770,5133,47
771,5547,37
772,5161,33
773,9160,41
774,2612,40
775,10181,38
776,4591,41
777,3308,37
778,6139,35
779,5409,40
780,9592,41
781,3523,46
782,15264,38
783,9698,39
784,7325,37
785,2715,40
786,7061,41
787,4906,45
788,5810,50
789,7862,49
790,8174,50
791,2233,46
792,3459,42
793,16236,44
794,10295,39
795,4359,48
796,7296,47
797,14555,48
798,3726,26
799,9786,47
800,12932,33
801,3120,53
802,2361,37
803,13488,51
804,4286,51
805,3353,40
806,5191,21
807,2145,40
808,4016,33
809,10799,49
810,3373,30
811,5873,49
812,3864,37
813,2663,48
814,7277,34
815,9271,37
816,15762,42
817,5777,37
818,5389,37
819,6126,33
820,4173,41
821,8157,38
822,4986,46
823,10745,34
824,10993,37
825,7297,44
826,3503,43
827,9458,41
828,7699,35
829,2870,34
830,3514,35
831,5878,39
832,6187,42
833,5100,36
834,2933,44
835,3365,37
836,4792,40
837,7057,38
838,3415,40
839,7262,32
840,4951,39
841,7980,50
842,6805,41
843,3074,42
844,10674,26
845,8951,35
846,9550,48
847,11113,47
848,9681,44
849,3743,35
850,5739,30
851,4113,55
852,3921,20
853,4741,42
854,5841,33
855,2939,46
856,6389,44
857,4088,41
858,8456,38
859,5252,43
860,3262,34
861,6554,35
862,5397,42
863,8770,41
864,8833,28
865,23478,36
866,6251,48
867,5188,36
868,9581,51
869,4152,40
870,8561,28
871,13744,40
872,4040,34
873,8283,51
874,8510,27
875,4418,36
876,11015,26
877,6101,53
878,8002,37
879,6109,32
880,4103,49
881,9363,31
882,6973,42
883,7794,41
884,8833,33
885,5374,51
886,4972,44
887,6165,38
888,5188,38
889,5957,41
890,4032,39
891,5018,37
892,10750,35
893,9832,35
894,3576,31
895,2688,34
896,7552,50
897,2901,50
898,2436,39
899,6729,47
900,9187,49
901,13323,27
902,3900,41
903,8328,44
904,12619,40
905,6878,30
906,15202,48
907,5575,35
908,10073,36
909,7541,28
910,6518,49
911,3726,38
912,4566,32
913,4210,39
914,6874,32
915,9957,37
916,9791,35
917,4887,27
918,6703,30
919,6726,36
920,9908,32
921,5128,36
922,7511,39
923,8999,48
924,7211,34
925,7111,40
926,9929,38
927,5134,40
928,9939,42
929,3162,35
930,12148,46
931,2451,40
932,3584,50
933,2610,30
934,15769,50
935,2950,35
936,6101,42
937,20723,32
938,1609,42
939,6124,36
940,8431,35
941,7578,42
942,6452,33
943,4905,48
944,5571,45
945,4970,45
946,8965,36
947,5091,37
948,4328,42
949,6652,43
950,9547,22
951,3246,40
952,8012,38
953,4912,36
954,16852,41
955,4554,34
956,6182,39
957,5560,42
958,10206,45
959,9367,35
960,9436,43
961,3270,41
962,8491,41
963,6835,44
964,4274,37
965,4433,27
966,6677,36
967,13672,38
968,5824,39
969,11763,33
970,5921,42
971,6911,45
972,5809,54
973,2918,38
974,4183,35
975,9830,35
976,4147,38
977,7078,35
978,3503,46
979,3174,35
980,10779,35
981,4007,46
982,5025,33
983,6280,34
984,8178,41
985,4754,61
986,8325,31
987,3816,51
988,7440,40
989,7209,43
990,11749,39
991,5185,37
992,4399,49
993,2006,34
994,3453,48
995,2527,37
996,2205,48
997,5289,37
998,8348,37
999,9045,28
1000,8488,28
1001,4596,28
1002,14646,34
1003,6405,48
1004,9536,42
1005,8669,37
1006,6465,47
1007,4308,30
1008,4299,36
1009,4649,44
1010,9193,52
1011,11032,38
1012,7469,43
1013,3257,40
1014,11407,32
1015,5283,31
1016,9603,43
1017,6484,42
1018,6774,44
1019,12317,54
1020,15180,32
1021,5597,38
1022,11726,50
1023,7170,45
1024,5857,40
1025,7998,40
1026,10970,40
1027,3527,42
1028,9144,27
1029,4928,46
1030,26271,37
1031,9391,29
1032,5136,51
1033,4530,45
1034,11862,28
1035,14405,37
1036,4412,41
1037,9250,36
1038,3265,45
1039,13627,45
1040,9118,41
1041,8247,45
1042,19227,39
1043,5582,40
1044,4109,36
1045,4980,42
1046,6257,25
1047,7369,47
1048,17280,37
1049,5519,40
1050,5330,33
1051,12402,36
1052,4648,47
1053,5568,29
1054,4787,48
1055,2754,44
1056,4965,49
1057,12767,39
1058,2778,46
1059,10212,43
1060,2932,38
1061,5672,46
1062,5478,48
1063,7554,40
1064,6849,36
1065,4606,37
1066,7925,33
1067,4604,34
1068,8114,34
1069,2782,45
1070,6913,47
1071,9250,33
1072,9184,49
1073,7095,28
1074,6969,32
1075,7257,34
1076,9961,41
1077,2083,33
1078,4636,27
1079,13828,37
1080,13345,50
1081,8439,46
1082,6289,54
1083,10209,31
1084,5911,41
1085,13357,43
1086,5423,37
1087,9654,44
1088,4694,48
1089,6564,38
1090,7325,42
1091,8019,33
1092,5081,47
1093,3637,38
1094,3335,44
1095,4568,37
1096,3560,38
1097,4078,44
1098,7225,42
1099,2913,41
1100,3821,41
1101,15065,37
1102,10032,42
1103,12380,41
1104,7737,48
1105,6819,38
1106,3400,44
1107,17403,41
1108,4235,55
1109,10202,41
1110,5915,53
1111,10056,34
1112,4502,47
1113,8103,37
1114,3802,37
1115,14741,51
1116,4162,51
1117,4531,28
1118,10063,36
1119,3703,43
1120,6292,30
1121,10770,41
1122,4094,37
1123,2679,44
1124,3748,50
1125,6340,42
1126,8095,40
1127,12129,48
1128,5384,38
1129,2618,32
1130,9999,39
1131,2826,27
1132,4472,56
1133,5618,35
1134,12092,42
1135,6269,30
1136,6265,44
1137,9488,47
1138,4850,40
1139,7597,39
1140,3533,48
1141,5971,32
1142,6482,28
1143,7578,38
1144,4131,44
1145,2555,35
1146,7083,29
1147,10422,40
1148,5044,30
1149,15752,37
1150,4837,40
1151,8926,37
1152,8433,39
1153,6909,51
1154,4982,41
1155,4076,46
1156,8224,31
1157,7196,38
1158,4917,39
1159,3005,52
1160,5919,44
1161,3354,49
1162,19921,33
1163,11550,40
1164,5309,32
1165,6024,45
1166,10818,32
1167,3187,32
1168,2718,36
1169,3159,37
1170,8749,37
1171,7772,32
1172,3726,43
1173,10651,31
1174,9268,37
1175,2864,44
1176,11227,36
1177,4600,39
1178,4411,46
1179,3868,45
1180,7180,39
1181,6196,50
1182,9544,45
1183,4384,47
1184,7012,45
1185,15270,38
1186,2455,37
1187,5530,51
1188,2984,37
1189,3646,55
1190,4890,48
1191,4767,44
1192,4798,44
1193,4189,41
1194,5743,46
1195,3728,43
1196,12038,34
1197,8411,51
1198,2984,42
1199,3048,30
1200,5187,36
1201,3946,38
1202,6730,38
1203,2008,39
1204,6742,40
1205,2461,33
1206,4091,30
1207,12714,29
1208,2446,25
1209,3170,42
1210,4844,24
1211,3516,35
1212,2703,49
1213,6763,35
1214,3618,27
1215,11857,47
1216,6788,31
1217,7301,27
1218,11713,47
1219,8654,40
1220,4015,33
1221,2426,40
1222,4769,31
1223,4269,54
1224,13321,43
1225,6267,47
1226,11546,39
1227,3551,38
1228,5460,44
1229,12154,43
1230,6646,39
1231,13525,31
1232,3832,43
1233,4324,41
1234,3039,35
1235,5082,32
1236,5316,41
1237,4731,45
1238,6279,48
1239,12302,43
1240,5403,48
1241,7724,31
1242,17385,42
1243,13233,43
1244,4137,40
1245,6556,59
1246,4547,42
1247,8221,27
1248,6444,50
1249,4110,39
1250,2201,55
1251,25455,27
1252,6381,32
1253,2590,30
1254,24008,48
1255,5398,47
1256,8670,29
1257,4961,48
1258,5021,43
1259,5925,41
1260,12066,31
1261,9597,51
1262,7646,33
1263,1907,36
1264,12647,41
1265,4287,46
1266,6876,44
1267,3799,24
1268,6447,47
1269,3152,36
1270,16849,37
1271,4509,40
1272,3770,43
1273,12854,40
1274,8581,33
1275,15038,39
1276,4288,53
1277,9660,38
1278,9783,46
1279,4122,41
1280,6853,37
1281,6890,39
1282,5247,40
1283,16022,54
1284,4148,39
1285,11373,32
1286,6601,32
1287,10001,42
1288,6104,45
1289,16972,32
1290,2424,48
1291,9084,43
1292,2828,22
1293,6607,43
1294,2378,36
1295,6790,42
1296,6137,28
1297,15301,36
1298,10376,31
1299,5617,34
1300,5533,39
1301,4279,39
1302,9861,38
1303,6411,27
1304,5738,40
1305,5742,33
1306,15744,45
1307,3934,38
1308,6047,33
1309,10460,44
1310,3291,41
1311,4926,35
1312,5989,40
1313,6262,49
1314,5092,38
1315,2122,46
1316,3076,42
1317,5764,38
1318,7277,50
1319,5312,49
1320,31555,41
1321,5392,41
1322,7360,48
1323,5670,28
1324,3868,40
1325,5045,46
1326,14467,45
1327,2299,40
1328,6458,42
1329,9458,45
1330,6944,56
1331,7222,40
1332,4601,40
1333,2562,40
1334,8521,40
1335,5603,57
1336,3010,35
1337,5757,37
1338,9002,43
1339,6600,49
1340,5460,42
1341,8397,37
1342,26673,44
1343,4012,34
1344,10903,31
1345,3172,40
1346,5815,34
1347,2442,38
1348,828,41
1349,3962,42
1350,11322,38
1351,2709,44
1352,2511,33
1353,6166,40
1354,3906,39
1355,19373,38
1356,12633,45
1357,5249,33
1358,4253,32
1359,13590,37
1360,3883,41
1361,4319,53
1362,8146,33
1363,15973,45
1364,6132,51
1365,3709,34
1366,5670,35
1367,5344,57
1368,12113,48
1369,7577,43
1370,10455,32
1371,8270,30
1372,3846,37
1373,8050,34
1374,4544,42
1375,4443,49
1376,7717,31
1377,4372,34
1378,3060,37
1379,4807,41
1380,4850,33
1381,8318,41
1382,7214,51
1383,13648,47
1384,11700,39
1385,10663,44
1386,7761,35
1387,3395,47
1388,4428,36
1389,10254,31
1390,4259,35
1391,4560,35
1392,2104,54
1393,7769,39
1394,3686,28
1395,5885,47
1396,2253,43
1397,8314,41
1398,10372,47
1399,5587,33
1400,6403,39
1401,10159,36
1402,5299,51
1403,5419,33
1404,4576,29
1405,12130,34
1406,14954,40
1407,6069,44
1408,10866,39
1409,3871,33
1410,4026,49
1411,3607,35
1412,8279,34
1413,5554,30
1414,5465,37
1415,8432,37
1416,6191,35
1417,4839,54
1418,3540,40
1419,6545,48
1420,4411,40
1421,7327,33
1422,3035,46
1423,5432,47
1424,6149,27
1425,9865,43
1426,2945,27
1427,3946,41
1428,7802,31
1429,2778,42
1430,12188,31
1431,3737,36
1432,2554,37
1433,3360,47
1434,7012,37
1435,4855,48
1436,13657,48
1437,2886,38
1438,11116,31
1439,5958,45
1440,3200,36
1441,19466,46
1442,2814,28
1443,6445,31
1444,12918,40
1445,5050,33
1446,2744,55
1447,13874,33
1448,13295,40
1449,11774,36
1450,9145,44
1451,3604,37
1452,6683,41
1453,9221,44
1454,8640,30
1455,5754,55
1456,2383,28
1457,7786,38
1458,5591,30
1459,8908,36
1460,12724,51
1461,3786,31
1462,3581,43
1463,5924,39
1464,6138,43
1465,9527,49
1466,5923,33
1467,2151,40
1468,7899,44
1469,3671,42
1470,7188,46
1471,8476,30
1472,5376,37
1473,9247,43
1474,8511,37
1475,3657,35
1476,2179,43
1477,8167,32
1478,4363,48
1479,7306,45
1480,5299,40
1481,9963,38
1482,3697,32
1483,9120,30
1484,15089,42
1485,14311,48
1486,4592,42
1487,3830,43
1488,3413,32
1489,2572,40
1490,10872,51
1491,9795,34
1492,7661,63
1493,5533,42
1494,7029,45
1495,10261,43
1496,21893,33
1497,5702,32
1498,3751,41
1499,4776,41
1500,4809,36
1501,4184,35
1502,3877,54
1503,6507,40
1504,3548,36
1505,9171,23
1506,6265,44
1507,7002,38
1508,6316,44
1509,6002,45
1510,6665,45
1511,6816,39
1512,4979,43
1513,7176,33
1514,7244,45
1515,2743,34
1516,8554,41
1517,5192,42
1518,5972,44
1519,9535,40
1520,3490,29
1521,11315,35
1522,4772,47
1523,3750,31
1524,2406,42
1525,9876,40
1526,5428,43
1527,9164,43
1528,8568,38
1529,4307,39
1530,3985,49
1531,5331,46
1532,2492,49
1533,12486,41
1534,5908,43
1535,4556,41
1536,13857,38
1537,11376,43
1538,19058,39
1539,3392,29
1540,4790,35
1541,11620,43
1542,5725,35
1543,21718,30
1544,9477,37
1545,15240,38
1546,4279,31
1547,5477,45
1548,9609,41
1549,3668,32
1550,6775,50
1551,6392,44
1552,3677,34
1553,7047,48
1554,21606,33
1555,3219,56
1556,5535,44
1557,5453,38
1558,11369,48
1559,5340,37
1560,3393,46
1561,7891,41
1562,1181,23
1563,2674,41
1564,12117,41
1565,5602,55
1566,7794,46
1567,8234,26
1568,13636,41
1569,6730,41
1570,5390,42
1571,3225,35
1572,5276,43
1573,5247,35
1574,9323,41
1575,7888,47
1576,8445,32
1577,2737,27
1578,4531,37
1579,2595,43
1580,6308,38
1581,12402,39
1582,8284,34
1583,2514,40
1584,8360,39
1585,8645,33
1586,5951,45
1587,7576,33
1588,8313,48
1589,7108,40
1590,10282,37
1591,3934,40
1592,16092,33
1593,12374,44
1594,2945,39
1595,4085,51
1596,14500,50
1597,9748,35
1598,20126,46
1599,4807,41
1600,6648,27
1601,5312,40
1602,4543,42
1603,2668,43
1604,3805,55
1605,5503,50
1606,4544,42
1607,11408,39
1608,7464,37
1609,2560,37
1610,7101,48
1611,3032,45
1612,3473,42
1613,3806,43
1614,11627,31
1615,4727,38
1616,3420,31
1617,2401,44
1618,5907,44
1619,15253,41
1620,16974,51
1621,8351,57
1622,2269,30
1623,5275,40
1624,9886,34
1625,6958,36
1626,4831,40
1627,6911,46
1628,6387,49
1629,4663,34
1630,4221,38
1631,5374,41
1632,7615,36
1633,3237,42
1634,8926,36
1635,6895,45
1636,4672,38
1637,3012,52
1638,17855,46
1639,4812,37
1640,8090,52
1641,4013,42
1642,2553,32
1643,8772,30
1644,5388,40
1645,3300,41
1646,7337,37
1647,2692,33
1648,2802,46
1649,1962,30
1650,2755,48
1651,7683,23
1652,2395,35
1653,6161,34
1654,5860,47
1655,5107,42
1656,5748,34
1657,8348,37
1658,7844,46
1659,4220,45
1660,3398,33
1661,5252,56
1662,10937,36
1663,9034,34
1664,9140,40
1665,8361,41
1666,4399,34
1667,5728,39
1668,5696,39
1669,2972,36
1670,8890,37
1671,6986,51
1672,12442,42
1673,9336,27
1674,4729,43
1675,8064,42
1676,3957,42
1677,15277,50
1678,8612,32
1679,10371,41
1680,8165,48
1681,5102,47
1682,2417,41
1683,5151,45
1684,7213,35
1685,20432,60
1686,7113,49
1687,6733,33
1688,18203,33
1689,6508,36
1690,9684,51
1691,8528,38
1692,9000,30
1693,8304,48
1694,15583,46
1695,5697,32
1696,11100,29
1697,4810,44
1698,7999,39
1699,3918,44
1700,8343,39
1701,15173,37
1702,7589,36
1703,7761,43
1704,2307,36
1705,9279,42
1706,1890,33
1707,3895,53
1708,3871,22
1709,7698,43
1710,5634,36
1711,3478,40
1712,4846,38
1713,3937,49
1714,8768,32
1715,3885,46
1716,5010,32
1717,6709,38
1718,4441,34
1719,4886,42
1720,11415,34
1721,5763,35
1722,7030,54
1723,9346,44
1724,8281,27
1725,10524,41
1726,2034,51
1727,6160,36
1728,13033,34
1729,3686,27
1730,8794,41
1731,14020,49
1732,3627,36
1733,6226,21
1734,10426,35
1735,2140,41
1736,17058,44
1737,5866,41
1738,8411,48
1739,12088,53
1740,4010,49
1741,8065,45
1742,13691,36
1743,9056,32
1744,10364,41
1745,3602,46
1746,4141,42
1747,4212,46
1748,5239,28
1749,9529,51
1750,7715,44
1751,6871,35
1752,6472,45
1753,1521,52
1754,6015,48
1755,7796,42
1756,11068,34
1757,4507,37
1758,3003,47
1759,5793,32
1760,5496,39
1761,6975,38
1762,4433,47
1763,2737,37
1764,3625,49
1765,5919,38
1766,9179,40
1767,5904,37
1768,4026,50
1769,18019,37
1770,4908,45
1771,5676,40
1772,7446,47
1773,10560,42
1774,4229,34
1775,9549,37
1776,2181,43
1777,3708,40
1778,4391,43
1779,6908,37
1780,10443,32
1781,10495,39
1782,5941,46
1783,3651,39
1784,7567,41
1785,5715,47
1786,11841,44
1787,9492,58
1788,7088,34
1789,6771,38
1790,6699,34
1791,4983,36
1792,4198,40
1793,8166,36
1794,24673,34
1795,2595,43
1796,8263,38
1797,2975,44
1798,1425,44
1799,10308,36
1800,6787,40
1801,8822,36
1802,10060,54
1803,7409,35
1804,4198,42
1805,10509,50
1806,15522,27
1807,5575,29
1808,5390,41
1809,3628,39
1810,7647,50
1811,5356,53
1812,9077,25
1813,7229,49
1814,4009,37
1815,7093,34
1816,20175,44
1817,8932,24
1818,13007,40
1819,3907,34
1820,6856,52
1821,4413,48
1822,5034,45
1823,4615,34
1824,4121,48
1825,7987,49
1826,5110,33
1827,12033,32
1828,2846,51
1829,5224,40
1830,9624,46
1831,6452,35
1832,7760,36
1833,3890,41
1834,5218,31
1835,18088,47
1836,5075,40
1837,7179,42
1838,4240,46
1839,18106,31
1840,6733,26
1841,6496,49
1842,14652,37
1843,7944,35
1844,5298,47
1845,2469,32
1846,7006,48
1847,1726,28
1848,5156,43
1849,8416,50
1850,3750,46
1851,13865,37
1852,13078,44
1853,3749,30
1854,4420,39
1855,7843,40
1856,7769,28
1857,9742,41
1858,6106,46
1859,9739,45
1860,2871,38
1861,6975,48
1862,5905,39
1863,2735,40
1864,5068,47
1865,6490,41
1866,5021,24
1867,5420,31
1868,9353,42
1869,6854,42
1870,14415,44
1871,4596,50
1872,18738,39
1873,5924,34
1874,10790,48
1875,2958,44
1876,7062,36
1877,6527,41
1878,7081,44
1879,5084,31
1880,5825,54
1881,3003,45
1882,3767,41
1883,4056,38
1884,6023,36
1885,14068,14
1886,4308,38
1887,11564,41
1888,4019,38
1889,9677,29
1890,8794,54
1891,11857,47
1892,6541,33
1893,6185,37
1894,16206,46
1895,3798,38
1896,8100,41
1897,8879,41
1898,5569,49
1899,4490,39
1900,19479,29
1901,7527,47
1902,5744,42
1903,5607,51
1904,10274,39
1905,3317,37
1906,3828,37
1907,15532,40
1908,4036,37
1909,4821,30
1910,3401,37
1911,5313,37
1912,3473,35
1913,5046,42
1914,5753,44
1915,2659,39
1916,3521,40
1917,14133,29
1918,10493,38
1919,3078,47
1920,25280,37
1921,10121,25
1922,5160,38
1923,8972,24
1924,3672,37
1925,6420,37
1926,3115,41
1927,5277,48
1928,6726,48
1929,11709,42
1930,9266,29
1931,4311,47
1932,3804,38
1933,9255,40
1934,11887,45
1935,5120,37
1936,13942,42
1937,5781,50
1938,6550,27
1939,3702,37
1940,4227,33
1941,8524,43
1942,3169,33
1943,15750,30
1944,6115,42
1945,3779,38
1946,13782,46
1947,5798,39
1948,10411,38
1949,4294,46
1950,8207,50
1951,7083,40
1952,7365,51
1953,5643,49
1954,3960,45
1955,4496,50
1956,5111,37
1957,4052,37
1958,7949,33
1959,18062,41
1960,7813,35
1961,11042,43
1962,4121,43
1963,5164,50
1964,3089,45
1965,3791,44
1966,4199,47
1967,5071,40
1968,7000,29
1969,3425,35
1970,12296,48
1971,3297,32
1972,5015,46
1973,5981,44
1974,8604,41
1975,4952,41
1976,4522,30
1977,8651,48
1978,4068,57
1979,4583,49
1980,5178,39
1981,13249,32
1982,4328,52
1983,4051,43
1984,2630,60
1985,5152,37
1986,8595,41
1987,5866,44
1988,4179,44
1989,6824,46
1990,3155,43
1991,4850,45
1992,6002,45
1993,12017,28
1994,3162,39
1995,5024,42
1996,4639,46
1997,3193,36
1998,14316,33
1999,8167,36
2000,2710,53
2001,2517,15
2002,5679,40
2003,5301,47
2004,8604,49
2005,5164,35
2006,8512,36
2007,4553,39
2008,8537,42
2009,9698,51
2010,6430,33
2011,5281,44
2012,2889,40
2013,5358,32
2014,15888,37
2015,3712,37
2016,4072,44
2017,7514,36
2018,5343,34
2019,4652,40
2020,3821,43
2021,9392,28
2022,12022,40
2023,9226,35
2024,6936,38
2025,8072,37
2026,11912,34
2027,2305,36
2028,4351,33
2029,9394,34
2030,8003,45
2031,2644,25
2032,3228,33
2033,14259,38
2034,13161,29
2035,7054,57
2036,4567,31
2037,6750,26
2038,4213,35
2039,4325,43
2040,8345,33
2041,5270,52
2042,2458,38
2043,5347,39
2044,9304,29
2045,6518,53
2046,2785,37
2047,4778,47
2048,4873,32
2049,5472,37
2050,1586,35
2051,5031,38
2052,8730,29
2053,11788,52
2054,13964,43
2055,4799,36
2056,10706,43
2057,4408,34
2058,6913,38
2059,10658,37
2060,14061,45
2061,8116,43
2062,12514,44
2063,8058,34
2064,5791,46
2065,6195,35
2066,4045,40
2067,6485,38
2068,4371,38
2069,18321,47
2070,4793,45
2071,7783,46
2072,12082,36
2073,7624,48
2074,2324,35
2075,5131,38
2076,5164,37
2077,4909,49
2078,12014,45
2079,4764,43
2080,7355,45
2081,4552,42
2082,1744,37
2083,18222,33
2084,2833,43
2085,7329,38
2086,2890,45
2087,5342,37
2088,6284,44
2089,10385,35
2090,7964,41
2091,4564,32
2092,17841,45
2093,7418,38
2094,4053,43
2095,8397,30
2096,2667,31
2097,2613,44
2098,10526,38
2099,12941,43
2100,7461,50
2101,5080,52
2102,5879,47
2103,9684,45
2104,3192,45
2105,3013,38
2106,5222,40
2107,3437,45
2108,11174,38
2109,7100,43
2110,3378,32
2111,5339,54
2112,6784,42
2113,4624,38
2114,8102,37
2115,11381,47
2116,8210,35
2117,5747,26
2118,7137,42
2119,6447,34
2120,3641,39
2121,6252,49
2122,4354,42
2123,4434,30
2124,5220,32
2125,11301,33
2126,6387,34
2127,9531,54
2128,11769,47
2129,4760,49
2130,5175,39
2131,11292,40
2132,5411,33
2133,14760,32
2134,15321,53
2135,3626,31
2136,11480,42
2137,5290,29
2138,6592,46
2139,3154,30
2140,9661,46
2141,5775,29
2142,6177,44
2143,3043,36
2144,5369,37
2145,6579,38
2146,6592,40
2147,7215,36
2148,5079,40
2149,4148,36
2150,8386,39
2151,5071,33
2152,2950,30
2153,4426,49
2154,7588,42
2155,7664,45
2156,11333,48
2157,7302,35
2158,9833,39
2159,5080,38
2160,4877,36
2161,5289,34
2162,5927,32
2163,5260,30
2164,5210,40
2165,5447,35
2166,6301,41
2167,2258,34
2168,4718,34
2169,2443,55
2170,15828,33
2171,4141,40
2172,3966,31
2173,9143,41
2174,4336,38
2175,3136,33
2176,4609,58
2177,4037,46
2178,9099,27
2179,9607,49
2180,4668,26
2181,9480,52
2182,2435,45
2183,3903,44
2184,3547,35
2185,5466,37
2186,8167,26
2187,8364,49
2188,5167,48
2189,3783,39
2190,4724,52
2191,5854,31
2192,11194,35
2193,5229,38
2194,10323,32
2195,2618,34
2196,3624,36
2197,9237,56
2198,3930,46
2199,3511,35
2200,14232,44
2201,5497,37
2202,4242,38
2203,9755,31
2204,5668,37
2205,8811,36
2206,8653,49
2207,10918,35
2208,4532,37
2209,9355,39
2210,1806,37
2211,3028,33
2212,8524,53
2213,8470,44
2214,6360,34
2215,3910,38
2216,12287,46
2217,5211,57
2218,5314,38
2219,6956,45
2220,3612,30
2221,4394,41
2222,6892,56
2223,10112,33
2224,3997,44
2225,4296,37
2226,9402,41
2227,9348,44
2228,7939,49
2229,6103,41
2230,2864,42
2231,2058,46
2232,7116,44
2233,7580,36
2234,5037,35
2235,3878,27
2236,4068,40
2237,10949,35
2238,4802,33
2239,4753,55
2240,8287,31
2241,12440,33
2242,3433,34
2243,9719,39
2244,6549,43
2245,10027,45
2246,14417,39
2247,5509,63
2248,6673,42
2249,7011,36
2250,5950,46
2251,2522,47
2252,9320,45
2253,5732,38
2254,10969,39
2255,6189,44
2256,4464,38
2257,7950,28
2258,16273,34
2259,5883,37
2260,14126,34
2261,13664,40
2262,6417,30
2263,8874,37
2264,5963,30
2265,4775,43
2266,4217,40
2267,8736,41
2268,6625,43
2269,6720,39
2270,10627,45
2271,7293,44
2272,11078,35
2273,5777,48
2274,12143,44
2275,11035,33
2276,13983,30
2277,5911,36
2278,3486,43
2279,3043,42
2280,6103,43
2281,9097,34
2282,4385,38
2283,8363,49
2284,4331,32
2285,3593,41
2286,10500,55
2287,5443,33
2288,3062,42
2289,6027,32
2290,3728,50
2291,4776,39
2292,4145,40
2293,6661,40
2294,3140,41
2295,5459,40
2296,14348,31
2297,6888,41
2298,6003,44
2299,6533,47
2300,6743,40
2301,5861,37
2302,6913,44
2303,3672,47
2304,3462,51
2305,4566,36
2306,1918,33
2307,4667,34
2308,10796,35
2309,4809,31
2310,6896,40
2311,3474,41
2312,4053,34
2313,6262,33
2314,2454,28
2315,4159,50
2316,3366,45
2317,4995,39
2318,5663,26
2319,5664,38
2320,3453,39
2321,3117,27
2322,5918,47
2323,2623,41
2324,5412,29
2325,6817,55
2326,9285,34
2327,18483,39
2328,8023,42
2329,5258,41
2330,5685,44
2331,6020,44
2332,1993,44
2333,7226,43
2334,4587,40
2335,3089,48
2336,10072,45
2337,4650,43
2338,5266,52
2339,9244,46
2340,6585,30
2341,5529,41
2342,5632,29
2343,10487,33
2344,3649,44
2345,14271,47
2346,3317,35
2347,5604,40
2348,5124,42
2349,7108,43
2350,10229,51
2351,3144,32
2352,8301,29
2353,6338,42
2354,9218,40
2355,11591,40
2356,6159,41
2357,6891,46
2358,6305,37
2359,8869,48
2360,17186,46
2361,7881,46
2362,6332,41
2363,3770,35
2364,7557,34
2365,11072,35
2366,4327,46
2367,7733,36
2368,4763,39
2369,5975,31
2370,3840,48
2371,7809,33
2372,6867,29
2373,9739,44
2374,3009,33
2375,9373,36
2376,5288,38
2377,6592,30
2378,7619,33
2379,6859,44
2380,10234,36
2381,3828,30
2382,3480,36
2383,7020,33
2384,3352,46
2385,2948,42
2386,6961,31
2387,7697,45
2388,5102,40
2389,17179,37
2390,11927,33
2391,6811,39
2392,7308,45
2393,6098,41
2394,3797,39
2395,4353,35
2396,8732,42
2397,3450,38
2398,16326,36
2399,4385,46
2400,3158,41
2401,5364,39
2402,4762,39
2403,5415,39
2404,3814,42
2405,3050,38
2406,5168,36
2407,6481,41
2408,4643,44
2409,10393,35
2410,2788,48
2411,3672,46
2412,4729,39
2413,6883,41
2414,6850,52
2415,16151,48
2416,4873,45
2417,8397,39
2418,6245,38
2419,9624,36
2420,1919,41
2421,4229,45
2422,3993,39
2423,7190,37
2424,6297,37
2425,1297,28
2426,7727,28
2427,5433,28
2428,5006,36
2429,6662,48
2430,8103,39
2431,4240,41
2432,6119,48
2433,6284,46
2434,8706,54
2435,11307,50
2436,8366,24
2437,4718,41
2438,2641,36
2439,8560,33
2440,7894,40
2441,7261,39
2442,4409,46
2443,4501,40
2444,5254,49
2445,3132,42
2446,2183,36
2447,16037,30
2448,4012,34
2449,9074,26
2450,12832,19
2451,4716,47
2452,3853,42
2453,7833,34
2454,6434,34
2455,6286,41
2456,8199,43
2457,6950,30
2458,2535,39
2459,9754,42
2460,4716,37
2461,8163,32
2462,6183,45
2463,6071,41
2464,7203,49
2465,5868,33
2466,6224,42
2467,13758,47
2468,9608,49
2469,7695,52
2470,3558,41
2471,3806,48
2472,4186,41
2473,5102,44
2474,8964,37
2475,6053,47
2476,11236,35
2477,5709,43
2478,3047,45
2479,5439,31
2480,4623,46
2481,7503,40
2482,6000,46
2483,2547,36
2484,5595,34
2485,4856,34
2486,10682,56
2487,8670,38
2488,4915,40
2489,7927,45
2490,4601,44
2491,4856,45
2492,2782,49
2493,17159,41
2494,3708,38
2495,4592,44
2496,6396,31
2497,7919,43
2498,5158,35
2499,4098,45
2500,4927,55
2501,6460,41
2502,6136,45
2503,8571,51
2504,4263,35
2505,4852,40
2506,8977,39
2507,9514,47
2508,3483,36
2509,17494,35
2510,6588,47
2511,16759,44
2512,4749,39
2513,7953,38
2514,9523,37
2515,6152,47
2516,7048,36
2517,5689,47
2518,7004,49
2519,4179,38
2520,2658,42
2521,2078,42
2522,13238,42
2523,6889,50
2524,5806,36
2525,7084,45
2526,8405,34
2527,7341,34
2528,8624,45
2529,12733,44
2530,3773,37
2531,6747,45
2532,7129,32
2533,7231,49
2534,4051,40
2535,2615,40
2536,4156,41
2537,8400,49
2538,5628,39
2539,5692,55
2540,17159,39
2541,5295,41
2542,2798,57
2543,7414,40
2544,2715,47
2545,3594,45
2546,5241,39
2547,5282,53
2548,7022,48
2549,2808,40
2550,5541,24
2551,13716,34
2552,3842,54
2553,4070,39
2554,9387,30
2555,5515,33
2556,2549,34
2557,3026,41
2558,4690,41
2559,8481,49
2560,7606,52
2561,11052,51
2562,8944,34
2563,8210,47
2564,9071,43
2565,7764,45
2566,12160,44
2567,7055,42
2568,13714,44
2569,4291,37
2570,7588,39
2571,4718,37
2572,4982,34
2573,6545,47
2574,7340,51
2575,10573,30
2576,6828,51
2577,4924,31
2578,11673,48
2579,7068,54
2580,26121,43
2581,4585,37
2582,6739,44
2583,4546,22
2584,8583,47
2585,5524,29
2586,5277,41
2587,4673,32
2588,4594,33
2589,5630,33
2590,10139,52
2591,8011,22
2592,5690,44
2593,7168,51
2594,3573,47
2595,14779,35
2596,2877,40
2597,9448,47
2598,4087,39
2599,7917,42
2600,14527,49
2601,4047,31
2602,5350,52
2603,8625,47
2604,4210,48
2605,2398,38
2606,12244,38
2607,7292,38
2608,6058,44
2609,8775,31
2610,7886,53
2611,7800,31
2612,8020,41
2613,2298,44
2614,7555,38
2615,8137,44
2616,10685,40
2617,5338,37
2618,17292,34
2619,4977,35
2620,3762,40
2621,5899,36
2622,4150,38
2623,7081,35
2624,7230,48
2625,9527,36
2626,4836,51
2627,2538,38
2628,5271,37
2629,2856,41
2630,16205,43
2631,5852,31
2632,9337,33
2633,6501,39
2634,3558,40
2635,3753,35
2636,6575,36
2637,6411,46
2638,4497,38
2639,2633,40
2640,5734,32
2641,5483,38
2642,6962,55
2643,12203,33
2644,2992,40
2645,12942,37
2646,8886,37
2647,4274,34
2648,9538,37
2649,5456,30
2650,1279,52
2651,3537,51
2652,3571,28
2653,6334,46
2654,8270,40
2655,5485,40
2656,2888,51
2657,6633,31
2658,8911,32
2659,2438,43
2660,8277,45
2661,8135,50
2662,11635,33
2663,3003,27
2664,12881,38
2665,7010,41
2666,4778,43
2667,7091,40
2668,10734,30
2669,7340,44
2670,10854,32
2671,7110,42
2672,2865,41
2673,4126,32
2674,7740,39
2675,9751,42
2676,6592,50
2677,8572,50
2678,5347,43
2679,2736,41
2680,11419,38
2681,3082,52
2682,2146,36
2683,3011,35
2684,7641,51
2685,7601,28
2686,4226,24
2687,5056,26
2688,5447,37
2689,5981,39
2690,3978,41
2691,10143,42
2692,2419,44
2693,4890,54
2694,8228,57
2695,7597,38
2696,10974,30
2697,7222,42
2698,7579,38
2699,7787,40
2700,12668,40
2701,3595,39
2702,8632,46
2703,1815,45
2704,5064,42
2705,5092,33
2706,6962,29
2707,7107,34
2708,6057,50
2709,21828,34
2710,3580,36
2711,11504,40
2712,14615,39
2713,5624,41
2714,6263,43
2715,12033,22
2716,10336,44
2717,9723,42
2718,7752,46
2719,11688,40
2720,5411,45
2721,9606,40
2722,7944,49
2723,7578,32
2724,7787,40
2725,7056,48
2726,5571,44
2727,5584,43
2728,6716,32
2729,4749,41
2730,6768,37
2731,8837,43
2732,4073,45
2733,13767,56
2734,14477,40
2735,2350,39
2736,3958,52
2737,4839,45
2738,8629,41
2739,10962,33
2740,11773,40
2741,3953,56
2742,12652,35
2743,11724,26
2744,6663,45
2745,6177,37
2746,13802,50
2747,9167,47
2748,5528,38
2749,7034,43
2750,5939,46
2751,8867,38
2752,8026,31
2753,12811,42
2754,4026,38
2755,10518,33
2756,3247,42
2757,7058,34
2758,10704,40
2759,5757,48
2760,8838,40
2761,7021,38
2762,2907,45
2763,8705,28
2764,11776,36
2765,4172,30
2766,10697,47
2767,14867,36
2768,8575,48
2769,4935,40
2770,6264,40
2771,6307,48
2772,6068,33
2773,10553,42
2774,3012,31
2775,15020,37
2776,4137,34
2777,6594,44
2778,6028,33
2779,2540,31
2780,3483,47
2781,9970,40
2782,6652,46
2783,6240,34
2784,15695,38
2785,4282,34
2786,4347,45
2787,5651,47
2788,4715,31
2789,12351,38
2790,5183,46
2791,3595,34
2792,3459,51
2793,15869,37
2794,3978,40
2795,10187,37
2796,3042,38
2797,6600,55
2798,4752,38
2799,2330,45
2800,5946,60
2801,8439,31
2802,11474,48
2803,2770,45
2804,20002,46
2805,4455,40
2806,3592,33
2807,5685,33
2808,6285,31
2809,9989,45
2810,7575,35
2811,5739,37
2812,5031,49
2813,3430,37
2814,13428,45
2815,8502,30
2816,4122,20
2817,11207,40
2818,5930,48
2819,3508,44
2820,5314,37
2821,4632,35
2822,7583,43
2823,6473,41
2824,2788,49
2825,5437,27
2826,3373,37
2827,10452,31
2828,5581,47
2829,9473,42
2830,2210,51
2831,4672,38
2832,10168,45
2833,5906,37
2834,8230,35
2835,15815,33
2836,13983,52
2837,5333,33
2838,7704,36
2839,8138,43
2840,7647,50
2841,18446,43
2842,4095,53
2843,4325,40
2844,7680,42
2845,7450,40
2846,4112,35
2847,15106,38
2848,5598,41
2849,3995,45
2850,4561,37
2851,6904,26
2852,3070,30
2853,7362,42
2854,3976,39
2855,3088,33
2856,10569,51
2857,8071,42
2858,7746,38
2859,10510,43
2860,6770,33
2861,5449,40
2862,8410,36
2863,10201,35
2864,6982,46
2865,13651,45
2866,13038,35
2867,6412,44
2868,3552,50
2869,5664,38
2870,12015,57
2871,13975,31
2872,4562,39
2873,2607,41
2874,9230,40
2875,12054,34
2876,4548,36
2877,11132,32
2878,12410,39
2879,2924,37
2880,5650,39
2881,4100,43
2882,8243,45
2883,12868,46
2884,4643,49
2885,5478,40
2886,7077,39
2887,5718,43
2888,8640,47
2889,4917,34
2890,5240,41
2891,5975,44
2892,6061,41
2893,6570,38
2894,3119,48
2895,14669,36
2896,4518,38
2897,11686,34
2898,5313,44
2899,6165,35
2900,4904,37
2901,9822,49
2902,7335,35
2903,4818,44
2904,5027,36
2905,9578,48
2906,9250,37
2907,5281,29
2908,2068,36
2909,10042,31
2910,12588,43
2911,9191,52
2912,13837,49
2913,11975,30
2914,3294,39
2915,5377,35
2916,4872,45
2917,10408,47
2918,5681,45
2919,4403,50
2920,1566,44
2921,3977,46
2922,5132,45
2923,6775,39
2924,5759,34
2925,5890,35
2926,3551,31
2927,7930,48
2928,3190,46
2929,4811,50
2930,6851,28
2931,15858,34
2932,4379,47
2933,5838,40
2934,4913,56
2935,5543,49
2936,5228,47
2937,5412,30
2938,5295,38
2939,18810,33
2940,7498,53
2941,6278,39
2942,8582,37
2943,4711,36
2944,3200,41
2945,6269,33
2946,8267,50
2947,4203,41
2948,3686,31
2949,8805,37
2950,2529,44
2951,3909,46
2952,13005,45
2953,2144,50
2954,5033,32
2955,10261,37
2956,1866,35
2957,6757,55
2958,10764,33
2959,14730,37
2960,6058,44
2961,8256,42
2962,6899,43
2963,5045,38
2964,4704,37
2965,3877,49
2966,5971,40
2967,6354,35
2968,6101,40
2969,5335,40
2970,15310,49
2971,2739,37
2972,9917,34
2973,3968,45
2974,10667,27
2975,2577,33
2976,4469,41
2977,2593,52
2978,8873,40
2979,5454,34
2980,4348,33
2981,9947,50
2982,7470,38
2983,6690,41
2984,7487,40
2985,4087,38
2986,5020,46
2987,5180,35
2988,17081,27
2989,3591,48
2990,10182,40
2991,6664,43
2992,12715,38
2993,17000,45
2994,8955,46
2995,3583,49
2996,6403,48
2997,7335,49
2998,6598,45
2999,7432,53
3000,7000,49
3001,6331,38
3002,10953,41
3003,1656,46
3004,6753,30
3005,3105,33
3006,18918,36
3007,3775,34
3008,8099,39
3009,14149,49
3010,7706,45
3011,12949,33
3012,4382,45
3013,6353,44
3014,4871,33
3015,9662,38
3016,6592,39
3017,7526,38
3018,6917,46
3019,6770,34
3020,7760,33
3021,4597,42
3022,5120,42
3023,5603,39
3024,9261,41
3025,6949,36
3026,6233,33
3027,12210,36
3028,4207,33
3029,3701,30
3030,16115,46
3031,5351,49
3032,8067,25
3033,5478,42
3034,2286,50
3035,2426,46
3036,14920,32
3037,3724,41
3038,6519,49
3039,9746,44
3040,6534,28
3041,9132,29
3042,4471,58
3043,8619,44
3044,7394,40
3045,6684,29
3046,6862,39
3047,10563,42
3048,11602,37
3049,3384,25
3050,2291,32
3051,5047,48
3052,2852,35
3053,9194,35
3054,12492,28
3055,11722,43
3056,4413,34
3057,11038,43
3058,7594,46
3059,3915,34
3060,7644,33
3061,8629,35
3062,7319,35
3063,5151,39
3064,6707,34
3065,13967,51
3066,3914,41
3067,10965,38
3068,8431,44
3069,3561,39
3070,6238,47
3071,8248,37
3072,5225,37
3073,3873,24
3074,4288,37
3075,3982,35
3076,5112,43
3077,7187,45
3078,14529,41
3079,10984,48
3080,6342,44
3081,2975,46
3082,7001,44
3083,2548,44
3084,7456,38
3085,5879,37
3086,2974,38
3087,4415,47
3088,16916,48
3089,3307,42
3090,11411,46
3091,3357,46
3092,6953,45
3093,6121,33
3094,5924,29
3095,7342,45
3096,5317,40
3097,4772,31
3098,5770,47
3099,5902,46
3100,5513,42
3101,1319,36
3102,3180,39
3103,7227,33
3104,6252,31
3105,6915,30
3106,13667,31
3107,6870,41
3108,4832,38
3109,3437,43
3110,3067,37
3111,9915,48
3112,5732,44
3113,9152,49
3114,2818,41
3115,3202,41
3116,4774,37
3117,23523,28
3118,4992,45
3119,7680,32
3120,4642,50
3121,3891,23
3122,3997,54
3123,4544,37
3124,3063,46
3125,9260,43
3126,3822,41
3127,4585,48
3128,1969,49
3129,3766,24
3130,5819,52
3131,4051,38
3132,8138,49
3133,4126,41
3134,4251,39
3135,7595,22
3136,7667,54
3137,5955,42
3138,2909,40
3139,6798,43
3140,3128,28
3141,12773,43
3142,3188,38
3143,21159,36
3144,6415,30
3145,5027,45
3146,6703,35
3147,4103,46
3148,12890,38
3149,7729,43
3150,4816,46
3151,6873,33
3152,13724,31
3153,6638,43
3154,5062,42
3155,6861,43
3156,7629,25
3157,9884,35
3158,10276,40
3159,6662,39
3160,10564,59
3161,1794,46
3162,3613,43
3163,10346,38
3164,4433,37
3165,3716,38
3166,4361,53
3167,3842,44
3168,9302,44
3169,3659,35
3170,9527,41
3171,3929,43
3172,6434,41
3173,10544,44
3174,10803,43
3175,12259,36
3176,5014,59
3177,12344,36
3178,3954,36
3179,2729,48
3180,3557,36
3181,4947,42
3182,11826,51
3183,7295,40
3184,8034,36
3185,5856,48
3186,3951,53
3187,2125,37
3188,4733,53
3189,8005,22
3190,3808,41
3191,7596,39
3192,5427,30
3193,11091,58
3194,7330,50
3195,4072,42
3196,4389,34
3197,6217,46
3198,6087,32
3199,6412,28
3200,13892,36
3201,7333,34
3202,3768,40
3203,4494,43
3204,5319,39
3205,18479,41
3206,7392,41
3207,10041,41
3208,3564,45
3209,3382,42
3210,2604,33
3211,5135,53
3212,8294,31
3213,8089,28
3214,9920,46
3215,5188,46
3216,2795,34
3217,7671,39
3218,7615,45
3219,7556,38
3220,4519,31
3221,6248,42
3222,6897,46
3223,8041,40
3224,8112,48
3225,8108,24
3226,7988,42
3227,6150,48
3228,10538,27
3229,3589,37
3230,3028,40
3231,4541,37
3232,6077,46
3233,7431,50
3234,3335,35
3235,6931,42
3236,10089,49
3237,6434,35
3238,3269,50
3239,10667,33
3240,5306,38
3241,12371,36
3242,9528,51
3243,21235,51
3244,2758,36
3245,8470,34
3246,1936,39
3247,6476,34
3248,13912,25
3249,6529,49
3250,5133,46
3251,4819,36
3252,6562,42
3253,5307,30
3254,4079,43
3255,3738,33
3256,3253,41
3257,14666,43
3258,6210,45
3259,4089,49
3260,7675,43
3261,3130,57
3262,8324,49
3263,8511,50
3264,4442,46
3265,5326,35
3266,15951,51
3267,8582,38
3268,5494,43
3269,8031,45
3270,6637,40
3271,3826,46
3272,5150,22
3273,5329,36
3274,4870,44
3275,14224,37
3276,6869,55
3277,4642,44
3278,13070,39
3279,3967,34
3280,6659,41
3281,11165,42
3282,2134,35
3283,8144,33
3284,4013,41
3285,13081,31
3286,4952,43
3287,4368,42
3288,6040,42
3289,9565,58
3290,5175,23
3291,13821,44
3292,9061,26
3293,5924,45
3294,5144,46
3295,3388,35
3296,10135,39
3297,8770,38
3298,2807,45
3299,1386,46
3300,7103,45
3301,2726,42
3302,3306,37
3303,2057,42
3304,15623,42
3305,6029,41
3306,4398,31
3307,9995,44
3308,8701,38
3309,5079,52
3310,9702,41
3311,3284,51
3312,5488,26
3313,2456,44
3314,6566,38
3315,12200,35
3316,10566,40
3317,10125,43
3318,4772,30
3319,3469,46
3320,8402,52
3321,4657,38
3322,4470,54
3323,4518,31
3324,5577,39
3325,8703,36
3326,11351,42
3327,7606,31
3328,4407,43
3329,12043,40
3330,8042,44
3331,2866,44
3332,8250,44
3333,4712,44
3334,7286,38
3335,8812,40
3336,4799,47
3337,6868,36
3338,3433,41
3339,5426,19
3340,10278,22
3341,12303,50
3342,9742,42
3343,6025,41
3344,6917,39
3345,9726,37
3346,4261,40
3347,3912,34
3348,7767,50
3349,8018,37
3350,8547,45
3351,9280,47
3352,9737,43
3353,9000,42
3354,3291,31
3355,5185,50
3356,10172,49
3357,5765,32
3358,4001,41
3359,4219,40
3360,8897,46
3361,4320,41
3362,13318,45
3363,9903,38
3364,5194,36
3365,9975,35
3366,1967,36
3367,9550,43
3368,6317,37
3369,4182,32
3370,4119,28
3371,7285,29
3372,6614,39
3373,7828,39
3374,5741,46
3375,6439,47
3376,8081,40
3377,4922,42
3378,13816,53
3379,4939,42
3380,2347,41
3381,6060,40
3382,10419,50
3383,5074,52
3384,15856,34
3385,4667,41
3386,5992,49
3387,14488,39
3388,3889,38
3389,5701,31
3390,4068,33
3391,4061,34
3392,3523,39
3393,5455,42
3394,6556,40
3395,5082,21
3396,7091,49
3397,10849,30
3398,4238,45
3399,4931,36
3400,17142,47
3401,7966,50
3402,6381,24
3403,6379,44
3404,8799,45
3405,3087,26
3406,4419,28
3407,10989,46
3408,8490,33
3409,2435,40
3410,6957,41
3411,6381,34
3412,3811,46
3413,7675,32
3414,6297,35
3415,6315,40
3416,8769,49
3417,3757,53
3418,14626,36
3419,3238,32
3420,9115,44
3421,5942,42
3422,6830,50
3423,7052,31
3424,2650,28
3425,10543,39
3426,4635,32
3427,2300,43
3428,7391,41
3429,10252,55
3430,7676,40
3431,6008,37
3432,8618,36
3433,10283,45
3434,3915,46
3435,8654,27
3436,5807,27
3437,5817,52
3438,5722,33
3439,9409,40
3440,7619,42
3441,5212,39
3442,7755,41
3443,7277,33
3444,4628,40
3445,3175,45
3446,5378,40
3447,5222,47
3448,3818,42
3449,10302,52
3450,3867,27
3451,7238,43
3452,6787,41
3453,8037,39
3454,10337,49
3455,3949,32
3456,7561,31
3457,6186,35
3458,14544,43
3459,2520,55
3460,8490,38
3461,3809,51
3462,5417,45
3463,5804,40
3464,4503,52
3465,5703,46
3466,3128,45
3467,6847,42
3468,4644,34
3469,4392,43
3470,4955,24
3471,6772,35
3472,6368,31
3473,10854,37
3474,4510,44
3475,11239,34
3476,6223,47
3477,4603,37
3478,12645,30
3479,9796,42
3480,9132,27
3481,5257,48
3482,5538,31
3483,3552,49
3484,9837,27
3485,13684,53
3486,7177,34
3487,4464,40
3488,2201,37
3489,8175,45
3490,3904,39
3491,4799,37
3492,3356,38
3493,6948,53
3494,7959,43
3495,9695,46
3496,5918,28
3497,3972,36
3498,2604,34
3499,2566,46
3500,4725,40
3501,7798,33
3502,8564,39
3503,4206,31
3504,7805,42
3505,12500,41
3506,5336,52
3507,12264,39
3508,4414,39
3509,8279,26
3510,5767,42
3511,4494,43
3512,4617,38
3513,8380,44
3514,3178,35
3515,4776,31
3516,3540,43
3517,8694,49
3518,7225,48
3519,10323,32
3520,3282,40
3521,5096,36
3522,3971,38
3523,6402,52
3524,8504,33
3525,6482,31
3526,3674,48
3527,6469,43
3528,6298,24
3529,5967,41
3530,4324,51
3531,11853,49
3532,5042,41
3533,6105,28
3534,9683,41
3535,5938,23
3536,5734,45
3537,21583,38
3538,2705,64
3539,2342,45
3540,7885,29
3541,3937,46
3542,4325,33
3543,5350,39
3544,3750,33
3545,2964,42
3546,8012,38
3547,3534,34
3548,3798,35
3549,5491,46
3550,4684,33
3551,4164,34
3552,12236,44
3553,5087,50
3554,8636,42
3555,10748,43
3556,7532,40
3557,5694,42
3558,5572,34
3559,4872,40
3560,4053,33
3561,4367,30
3562,16310,39
3563,2870,38
3564,7855,34
3565,1722,43
3566,4898,50
3567,4127,41
3568,6964,38
3569,8834,37
3570,7020,30
3571,6408,57
3572,6745,33
3573,5208,33
3574,8692,47
3575,17350,37
3576,5194,48
3577,4524,36
3578,7375,37
3579,3885,43
3580,5371,46
3581,7879,41
3582,7008,37
3583,5204,49
3584,2977,52
3585,9720,44
3586,7649,46
3587,4038,38
3588,6700,40
3589,4047,45
3590,2898,48
3591,17378,32
3592,3814,40
3593,6673,41
3594,3609,41
3595,5311,37
3596,8345,32
3597,6607,33
3598,9322,29
3599,9749,40
3600,12241,42
3601,3527,43
3602,9713,42
3603,3883,35
3604,3877,57
3605,8588,44
3606,22598,34
3607,17312,43
3608,7375,31
3609,1480,40
3610,3853,31
3611,7443,37
3612,8200,49
3613,10513,42
3614,2086,41
3615,9442,40
3616,5413,38
3617,8534,36
3618,3013,36
3619,7362,46
3620,11262,42
3621,5112,46
3622,7115,48
3623,5382,34
3624,3702,36
3625,17568,44
3626,5105,30
3627,6224,46
3628,9071,40
3629,7239,40
3630,4656,39
3631,6714,41
3632,5159,41
3633,10187,47
3634,1887,41
3635,5235,29
3636,9166,38
3637,6731,47
3638,8067,56
3639,2510,25
3640,6173,47
3641,1779,48
3642,4842,41
3643,5038,35
3644,4712,39
3645,9590,40
3646,8625,37
3647,9979,37
3648,5555,53
3649,3607,29
3650,8378,48
3651,8228,38
3652,4911,47
3653,6992,45
3654,2350,40
3655,1951,32
3656,6183,32
3657,6541,34
3658,3376,34
3659,7648,43
3660,6508,36
3661,7367,40
3662,8662,39
3663,2209,39
3664,2705,32
3665,9052,44
3666,3329,33
3667,17203,24
3668,4880,49
3669,10984,39
3670,3952,29
3671,10081,36
3672,4748,37
3673,5930,40
3674,4000,46
3675,2273,41
3676,3170,44
3677,15653,36
3678,10232,41
3679,6614,45
3680,11434,34
3681,3911,23
3682,3121,34
3683,7969,31
3684,4719,45
3685,2836,48
3686,6800,29
3687,3977,36
3688,8132,42
3689,2244,39
3690,6012,40
3691,8430,44
3692,9513,49
3693,5829,44
3694,3476,49
3695,10832,42
3696,16525,38
3697,4073,44
3698,4477,36
3699,5386,37
3700,13109,41
3701,7119,38
3702,4455,32
3703,9693,35
3704,3720,38
3705,4988,35
3706,10710,45
3707,5161,32
3708,10527,33
3709,7567,41
3710,8568,51
3711,8252,34
3712,5582,37
3713,7024,41
3714,6552,37
3715,4134,39
3716,2826,33
3717,5503,28
3718,12948,29
3719,9928,46
3720,12788,47
3721,6454,40
3722,9396,31
3723,14327,47
3724,3995,48
3725,13161,43
3726,3826,41
3727,4328,32
3728,3424,45
3729,10342,33
3730,11271,36
3731,3176,28
3732,6447,30
3733,2235,35
3734,16514,39
3735,2169,32
3736,14290,33
3737,7542,39
3738,8813,33
3739,6332,41
3740,4262,41
3741,6829,30
3742,6046,34
3743,5062,43
3744,4535,51
3745,12755,39
3746,8691,52
3747,15934,39
3748,7776,54
3749,4690,44
3750,6892,46
3751,5001,42
3752,9267,35
3753,6164,40
3754,6049,39
3755,4863,36
3756,4310,47
3757,5695,38
3758,3992,39
3759,4591,47
3760,3070,46
3761,4030,50
3762,11559,29
3763,6325,29
3764,5725,42
3765,5526,31
3766,4669,44
3767,6043,34
3768,8142,34
3769,4644,48
3770,4861,45
3771,7241,28
3772,7109,45
3773,3335,41
3774,4924,30
3775,7987,35
3776,10571,34
3777,2116,29
3778,7501,49
3779,6119,47
3780,12735,41
3781,5425,36
3782,6444,51
3783,9082,50
3784,17076,33
3785,3939,51
3786,7831,42
3787,1543,34
3788,9212,38
3789,12403,37
3790,7756,41
3791,2566,51
3792,2014,44
3793,8287,41
3794,2460,35
3795,3915,40
3796,2676,49
3797,9120,35
3798,3819,38
3799,3617,32
3800,3605,46
3801,12937,40
3802,5079,44
3803,5523,27
3804,6143,43
3805,19951,45
3806,3570,27
3807,9912,33
3808,7555,43
3809,6895,45
3810,7305,44
3811,7931,44
3812,6552,31
3813,6300,39
3814,2360,35
3815,2740,32
3816,4958,38
3817,5271,33
3818,5690,45
3819,2943,34
3820,7406,44
3821,12368,43
3822,3144,41
3823,11669,37
3824,7552,44
3825,14739,50
3826,7100,45
3827,5194,42
3828,6720,30
3829,3707,41
3830,14319,54
3831,4900,48
3832,20020,37
3833,8317,55
3834,11497,38
3835,4835,47
3836,5535,51
3837,1982,32
3838,5054,37
3839,12295,33
3840,7419,28
3841,11828,39
3842,9957,26
3843,4593,32
3844,9222,35
3845,1989,41
3846,12894,33
3847,7699,22
3848,17104,40
3849,10527,48
3850,2439,35
3851,9280,41
3852,8050,44
3853,6760,38
3854,9560,44
3855,10349,38
3856,6054,32
3857,11782,44
3858,6862,51
3859,14061,37
3860,3562,37
3861,4106,43
3862,5661,45
3863,5010,50
3864,10755,40
3865,5651,46
3866,2936,53
3867,6019,40
3868,8452,35
3869,5928,43
3870,4718,41
3871,12011,38
3872,16604,41
3873,3242,40
3874,6691,45
3875,8282,29
3876,13419,47
3877,8065,49
3878,7932,37
3879,6357,52
3880,4466,44
3881,5269,40
3882,4833,40
3883,6982,32
3884,8694,55
3885,5397,47
3886,9984,40
3887,6721,28
3888,5126,47
3889,4907,30
3890,6911,49
3891,9937,34
3892,6550,33
3893,7403,33
3894,2650,42
3895,6898,35
3896,12826,48
3897,4011,25
3898,9155,38
3899,3301,35
3900,5871,18
3901,5337,35
3902,11883,45
3903,4746,30
3904,4890,33
3905,5811,40
3906,4409,47
3907,10729,47
3908,10078,40
3909,2645,42
3910,7621,44
3911,4145,50
3912,17701,40
3913,4016,33
3914,4016,48
3915,3301,40
3916,4223,38
3917,13879,42
3918,10197,41
3919,6542,42
3920,5960,28
3921,11910,51
3922,9318,44
3923,1944,24
3924,4711,53
3925,7015,52
3926,4270,48
3927,4605,39
3928,12874,39
3929,4140,33
3930,11931,35
3931,12740,42
3932,2554,50
3933,4122,53
3934,7654,39
3935,4574,37
3936,4144,36
3937,11176,37
3938,4429,49
3939,5145,43
3940,6341,35
3941,4352,33
3942,16406,40
3943,5380,42
3944,4113,34
3945,11851,43
3946,6044,44
3947,4969,36
3948,3701,40
3949,8612,41
3950,4013,37
3951,7131,39
3952,3064,51
3953,6574,32
3954,7519,53
3955,9507,29
3956,5324,47
3957,4015,59
3958,4589,40
3959,5714,35
3960,7989,39
3961,8125,52
3962,2933,47
3963,2165,37
3964,6911,52
3965,2225,31
3966,9076,31
3967,6241,41
3968,7264,45
3969,2734,47
3970,4385,33
3971,2589,41
3972,5381,40
3973,4005,33
3974,3984,47
3975,12317,40
3976,7853,36
3977,9542,45
3978,3734,44
3979,10384,33
3980,7367,47
3981,2096,39
3982,5427,38
3983,6801,49
3984,7869,41
3985,2979,52
3986,2662,42
3987,8477,38
3988,11699,39
3989,3770,39
3990,6985,47
3991,6455,42
3992,4128,32
3993,8497,42
3994,4856,37
3995,8144,33
3996,5059,44
3997,3118,43
3998,10817,37
3999,12778,45
4000,11047,38
4001,6145,41
4002,13163,36
4003,6249,37
4004,4764,42
4005,5702,40
4006,3470,42
4007,5352,40
4008,6458,34
4009,3260,50
4010,9551,45
4011,3275,37
4012,3833,46
4013,5865,48
4014,7913,42
4015,3679,35
4016,4349,46
4017,10038,36
4018,4699,42
4019,6053,51
4020,1912,45
4021,1871,44
4022,19188,48
4023,4071,33
4024,8983,49
4025,6023,50
4026,5452,43
4027,5351,42
4028,9696,32
4029,9216,46
4030,8098,29
4031,8031,37
4032,9133,36
4033,7993,29
4034,3551,38
4035,6749,44
4036,5227,39
4037,14076,39
4038,4756,32
4039,8903,39
4040,11247,42
4041,8551,39
4042,2982,46
4043,7773,41
4044,11278,47
4045,6179,38
4046,6405,43
4047,8401,30
4048,3441,29
4049,5047,37
4050,9061,38
4051,6047,38
4052,2862,43
4053,8099,32
4054,6493,45
4055,7840,26
4056,4940,46
4057,14750,38
4058,3849,38
4059,8967,44
4060,7406,56
4061,6213,45
4062,13649,33
4063,12856,40
4064,14536,48
4065,3137,47
4066,4171,35
4067,7108,35
4068,3385,35
4069,9478,47
4070,2409,40
4071,10261,44
4072,3715,31
4073,4488,42
4074,5231,37
4075,10692,42
4076,6961,35
4077,4027,42
4078,9942,41
4079,3866,37
4080,10414,33
4081,10248,47
4082,11737,39
4083,2448,39
4084,5784,47
4085,10028,33
4086,3743,48
4087,9835,45
4088,8812,28
4089,13129,40
4090,12117,40
4091,6101,37
4092,4388,38
4093,7228,29
4094,15234,31
4095,5892,37
4096,3455,30
4097,6661,40
4098,8807,38
4099,6561,46
4100,10313,37
4101,4183,33
4102,4625,33
4103,2913,43
4104,9652,39
4105,13391,26
4106,7209,52
4107,6619,49
4108,10168,43
4109,6083,35
4110,7981,48
4111,7367,37
4112,10378,27
4113,3979,42
4114,3446,44
4115,6042,39
4116,3362,40
4117,3828,42
4118,9533,37
4119,4554,40
4120,5148,35
4121,9745,41
4122,5997,47
4123,5476,28
4124,12147,35
4125,6929,47
4126,10196,37
4127,4005,39
4128,4098,58
4129,6391,48
4130,4078,33
4131,3185,37
4132,9951,41
4133,1741,39
4134,4039,33
4135,2683,39
4136,4888,46
4137,8847,43
4138,5749,58
4139,5527,33
4140,8125,43
4141,5742,33
4142,2616,35
4143,7712,45
4144,14865,39
4145,14935,45
4146,10835,39
4147,6802,53
4148,3891,40
4149,6700,46
4150,5641,27
4151,15982,34
4152,8065,35
4153,6342,32
4154,3765,48
4155,4323,39
4156,4742,38
4157,18506,45
4158,4288,42
4159,7379,38
4160,6058,50
4161,3089,44
4162,5451,47
4163,9072,34
4164,2513,48
4165,4678,33
4166,4290,39
4167,3142,47
4168,5749,35
4169,7841,48
4170,4266,43
4171,8163,48
4172,9606,38
4173,8339,28
4174,8237,25
4175,9034,51
4176,9666,35
4177,9560,40
4178,3945,53
4179,11993,48
4180,4135,30
4181,13817,45
4182,9193,48
4183,4192,26
4184,2952,36
4185,8862,29
4186,6871,42
4187,4389,44
4188,12340,45
4189,18761,42
4190,6174,40
4191,8980,46
4192,3934,33
4193,5394,47
4194,2875,44
4195,10393,47
4196,9728,48
4197,4353,31
4198,4229,41
4199,11872,40
4200,3411,37
4201,7195,38
4202,6243,35
4203,3155,52
4204,3604,44
4205,4346,36
4206,12434,52
4207,7439,35
4208,6193,33
4209,3333,46
4210,8500,40
4211,2528,37
4212,10312,44
4213,9677,42
4214,5472,40
4215,3351,49
4216,6430,47
4217,3700,33
4218,4627,25
4219,4075,47
4220,26657,40
4221,6213,36
4222,3264,38
4223,2866,37
4224,3288,34
4225,3847,40
4226,5294,36
4227,6486,37
4228,5077,35
4229,2177,42
4230,5518,32
4231,3350,46
4232,7924,43
4233,3072,41
4234,2998,44
4235,7882,33
4236,2167,43
4237,6537,42
4238,8023,39
4239,4852,51
4240,10018,34
4241,13236,43
4242,5331,27
4243,8564,35
4244,8455,38
4245,4398,29
4246,6924,39
4247,5702,28
4248,5470,47
4249,3850,48
4250,14451,50
4251,5607,35
4252,5532,34
4253,4283,39
4254,3920,40
4255,2590,39
4256,9162,40
4257,7342,35
4258,6059,32
4259,23482,49
4260,12281,32
4261,4405,40
4262,5684,48
4263,7433,39
4264,13404,42
4265,6850,47
4266,4136,35
4267,15466,38
4268,8731,39
4269,15766,28
4270,6995,49
4271,7690,45
4272,7473,44
4273,4647,37
4274,24434,45
4275,15550,52
4276,8488,43
4277,19240,42
4278,3729,37
4279,9695,35
4280,2135,40
4281,16648,43
4282,10655,25
4283,14807,33
4284,5944,38
4285,9978,45
4286,5616,32
4287,8057,56
4288,4740,38
4289,7116,48
4290,2224,30
4291,6874,42
4292,9183,37
4293,4096,49
4294,5740,29
4295,15438,34
4296,5666,38
4297,4730,35
4298,6059,41
4299,6704,28
4300,6093,40
4301,11335,41
4302,8414,42
4303,4683,40
4304,8237,29
4305,9004,33
4306,3494,43
4307,7039,33
4308,3994,41
4309,5282,53
4310,8851,44
4311,9337,44
4312,10785,45
4313,11852,41
4314,7601,42
4315,4455,39
4316,15752,32
4317,6706,25
4318,7322,41
4319,8513,27
4320,9246,45
4321,7019,49
4322,2751,42
4323,2644,40
4324,8084,38
4325,5345,39
4326,4936,44
4327,8625,35
4328,2975,45
4329,2200,47
4330,7743,41
4331,3646,47
4332,6681,33
4333,6061,44
4334,7814,41
4335,5178,41
4336,10146,39
4337,3057,46
4338,4328,45
4339,6277,28
4340,4025,43
4341,11449,33
4342,5918,37
4343,2527,43
4344,6699,42
4345,2618,53
4346,4730,43
4347,7717,49
4348,6659,45
4349,12330,46
4350,7941,45
4351,6193,37
4352,4345,21
4353,5596,27
4354,3949,51
4355,4506,38
4356,17558,49
4357,8259,38
4358,3521,35
4359,4443,41
4360,3583,54
4361,2391,33
4362,5328,45
4363,7910,35
4364,6673,36
4365,4739,38
4366,6924,41
4367,7881,40
4368,10894,53
4369,2198,33
4370,3888,27
4371,6251,43
4372,8484,33
4373,5126,35
4374,6999,42
4375,5657,35
4376,10288,41
4377,3305,42
4378,4502,44
4379,13793,39
4380,5293,42
4381,3622,42
4382,2690,40
4383,3102,36
4384,7409,38
4385,14242,54
4386,14904,46
4387,10285,36
4388,10152,39
4389,8941,42
4390,4546,36
4391,5926,30
4392,8127,38
4393,8566,27
4394,5333,46
4395,15246,43
4396,9681,47
4397,4499,53
4398,12704,44
4399,3728,37
4400,14566,51
4401,9373,40
4402,9721,39
4403,5852,42
4404,6593,45
4405,5510,46
4406,8344,28
4407,3248,43
4408,3374,34
4409,9644,29
4410,19015,37
4411,2026,32
4412,2737,47
4413,13263,40
4414,11326,45
4415,11848,33
4416,20401,43
4417,6455,45
4418,2482,50
4419,7017,44
4420,12368,37
4421,5587,42
4422,12915,46
4423,9578,25
4424,2574,31
4425,6636,51
4426,11556,36
4427,5538,25
4428,12229,52
4429,3410,37
4430,3522,43
4431,3239,50
4432,12067,34
4433,3511,25
4434,8362,40
4435,6635,40
4436,4982,31
4437,5615,36
4438,4120,35
4439,6028,36
4440,3284,44
4441,10381,38
4442,8195,35
4443,12212,48
4444,6028,41
4445,2139,49
4446,6410,38
4447,3108,45
4448,4657,42
4449,9660,35
4450,6077,24
4451,4538,44
4452,6166,37
4453,5852,33
4454,9994,48
4455,8353,47
4456,7166,39
4457,7953,39
4458,6849,41
4459,4483,26
4460,6027,51
4461,4260,29
4462,3595,45
4463,5755,39
4464,3819,28
4465,3764,28
4466,3510,37
4467,16157,57
4468,5394,42
4469,10542,46
4470,7918,35
4471,4666,48
4472,7559,39
4473,10036,45
4474,3807,34
4475,13004,37
4476,21573,41
4477,7370,45
4478,2576,35
4479,5616,36
4480,2540,30
4481,10027,30
4482,6257,54
4483,6268,47
4484,7545,44
4485,9015,46
4486,6846,45
4487,14760,32
4488,7066,41
4489,10084,34
4490,6190,36
4491,3335,44
4492,6357,39
4493,5878,48
4494,5326,22
4495,6480,41
4496,6730,32
4497,8439,40
4498,8775,44
4499,5491,36
4500,5591,53
4501,6380,45
4502,15081,44
4503,6081,40
4504,7068,37
4505,8604,39
4506,8948,46
4507,10631,33
4508,3356,32
4509,6816,38
4510,2394,19
4511,3952,43
4512,9469,28
4513,3476,27
4514,5825,38
4515,5032,43
4516,12052,43
4517,4965,45
4518,4835,41
4519,5434,53
4520,5245,49
4521,5272,40
4522,3820,40
4523,6359,37
4524,17299,40
4525,4576,39
4526,5045,55
4527,7176,45
4528,3693,38
4529,4256,44
4530,8682,39
4531,5644,56
4532,7280,35
4533,4246,45
4534,3250,42
4535,3583,40
4536,4327,42
4537,4323,32
4538,3603,40
4539,7479,27
4540,4305,46
4541,15226,41
4542,4632,30
4543,5251,36
4544,6188,35
4545,5081,45
4546,8347,40
4547,7078,53
4548,5581,47
4549,12806,40
4550,4053,49
4551,7852,36
4552,6606,40
4553,4531,46
4554,4020,26
4555,12176,42
4556,7246,43
4557,21352,40
4558,3277,34
4559,4074,51
4560,8012,35
4561,10343,40
4562,5283,44
4563,7459,38
4564,7971,37
4565,4124,43
4566,4506,46
4567,2570,45
4568,6998,40
4569,8770,35
4570,6605,41
4571,5197,43
4572,2346,35
4573,9319,41
4574,5403,48
4575,5044,51
4576,2210,37
4577,4956,34
4578,1813,47
4579,7752,40
4580,12540,22
4581,3208,35
4582,4129,49
4583,15778,37
4584,7138,56
4585,5881,39
4586,3617,28
4587,3388,37
4588,6067,37
4589,18122,41
4590,9748,38
4591,10314,59
4592,10041,39
4593,3759,19
4594,4589,43
4595,7906,31
4596,6912,27
4597,4776,38
4598,5332,29
4599,6427,40
4600,15961,45
4601,3817,43
4602,5995,42
4603,2732,39
4604,10269,55
4605,13375,47
4606,6975,46
4607,2713,39
4608,2947,52
4609,5088,33
4610,4226,36
4611,13269,33
4612,6601,47
4613,4613,45
4614,6482,45
4615,7543,33
4616,6419,32
4617,3673,40
4618,3380,41
4619,2962,38
4620,10811,36
4621,2090,38
4622,9281,31
4623,5642,52
4624,4656,44
4625,5487,45
4626,11375,41
4627,2572,47
4628,3112,52
4629,5878,53
4630,6304,45
4631,11270,50
4632,12738,41
4633,8464,43
4634,2663,50
4635,15367,45
4636,4956,46
4637,6781,31
4638,10430,33
4639,5502,32
4640,3391,41
4641,3316,48
4642,6108,33
4643,8527,33
4644,3896,35
4645,8834,43
4646,10059,50
4647,2927,40
4648,3496,40
4649,7205,44
4650,5638,34
4651,3980,50
4652,2506,42
4653,3686,31
4654,7298,49
4655,8981,28
4656,10187,39
4657,4042,33
4658,7437,30
4659,8216,36
4660,8272,40
4661,6903,35
4662,3345,45
4663,2851,52
4664,4554,25
4665,5813,43
4666,4252,36
4667,7009,28
4668,5489,41
4669,7540,37
4670,6065,29
4671,4681,42
4672,6193,46
4673,5451,35
4674,4984,38
4675,4085,33
4676,7719,26
4677,3451,46
4678,5221,39
4679,6400,42
4680,6734,32
4681,11446,45
4682,10688,42
4683,7917,41
4684,6737,45
4685,5215,49
4686,5500,33
4687,3412,33
4688,4786,35
4689,6112,49
4690,9536,32
4691,6738,37
4692,6215,39
4693,2696,37
4694,6006,36
4695,5817,49
4696,6321,34
4697,5073,38
4698,4876,46
4699,6548,39
4700,9147,30
4701,6631,36
4702,5286,44
4703,6313,43
4704,8961,46
4705,3065,45
4706,12084,44
4707,6244,28
4708,10327,43
4709,6404,41
4710,3819,30
4711,10895,34
4712,11134,44
4713,4910,39
4714,5116,38
4715,4882,51
4716,2603,39
4717,6475,44
4718,6156,41
4719,2475,39
4720,10317,41
4721,9349,55
4722,3661,30
4723,4391,47
4724,9109,36
4725,13891,43
4726,4117,30
4727,4275,40
4728,4368,37
4729,7245,49
4730,6389,43
4731,6150,51
4732,20928,55
4733,2331,41
4734,3317,36
4735,13818,33
4736,3114,45
4737,4437,41
4738,6002,52
4739,9708,47
4740,5190,40
4741,3214,45
4742,7169,32
4743,6583,34
4744,7870,39
4745,3157,33
4746,4444,48
4747,9676,28
4748,13547,47
4749,5688,48
4750,13397,42
4751,14961,51
4752,10665,30
4753,15528,35
4754,7244,51
4755,7781,36
4756,5587,46
4757,1489,45
4758,7645,47
4759,2637,40
4760,3592,32
4761,6012,46
4762,9915,36
4763,7648,37
4764,9158,45
4765,6331,40
4766,4297,49
4767,10369,42
4768,5587,47
4769,8081,41
4770,8499,37
4771,3000,40
4772,5215,47
4773,6713,42
4774,4147,41
4775,13132,44
4776,3386,43
4777,7450,43
4778,4106,41
4779,6294,48
4780,6336,46
4781,4964,50
4782,4059,35
4783,6226,45
4784,7785,32
4785,4809,49
4786,13400,41
4787,3878,36
4788,8875,47
4789,4004,45
4790,4610,32
4791,5317,46
4792,6287,43
4793,4080,52
4794,11661,27
4795,15441,41
4796,3154,41
4797,4590,31
4798,16479,26
4799,10592,36
4800,6988,41
4801,15148,27
4802,5911,37
4803,14055,42
4804,3348,39
4805,4859,41
4806,8650,49
4807,7805,33
4808,7098,31
4809,1211,41
4810,10590,29
4811,9879,40
4812,4590,44
4813,3565,42
4814,10770,34
4815,6034,43
4816,3357,30
4817,6404,30
4818,6629,50
4819,10540,50
4820,5620,43
4821,3144,55
4822,7443,40
4823,6350,46
4824,8398,34
4825,4330,37
4826,12912,48
4827,8577,38
4828,10253,47
4829,4065,35
4830,3016,39
4831,8809,36
4832,4379,59
4833,9113,40
4834,6828,33
4835,10209,37
4836,4558,44
4837,6324,34
4838,3617,49
4839,15725,24
4840,4646,39
4841,5123,46
4842,4503,34
4843,5538,34
4844,9212,51
4845,5054,51
4846,3581,37
4847,6690,51
4848,4478,37
4849,7624,34
4850,5463,37
4851,12939,35
4852,8042,43
4853,15233,44
4854,5265,42
4855,3283,46
4856,7430,44
4857,4201,33
4858,7156,28
4859,3162,38
4860,5262,41
4861,5199,44
4862,6910,35
4863,6199,39
4864,6857,38
4865,6956,35
4866,4665,33
4867,1907,43
4868,9753,39
4869,6539,40
4870,6014,38
4871,27752,37
4872,4758,43
4873,4503,33
4874,7744,45
4875,5946,36
4876,5043,43
4877,8499,37
4878,7063,40
4879,3859,51
4880,8161,50
4881,3793,45
4882,6093,43
4883,11802,37
4884,11258,30
4885,5746,51
4886,4179,39
4887,14269,52
4888,4041,47
4889,3893,42
4890,6224,49
4891,5815,43
4892,13228,39
4893,6619,35
4894,2414,33
4895,10597,39
4896,2045,41
4897,10638,21
4898,4196,46
4899,6411,55
4900,4154,56
4901,11446,42
4902,3258,47
4903,9036,44
4904,6111,37
4905,7244,43
4906,6858,47
4907,9605,37
4908,13423,31
4909,1970,29
4910,8854,28
4911,3924,48
4912,4043,36
4913,12358,49
4914,4772,48
4915,8607,30
4916,6756,55
4917,6681,39
4918,3957,32
4919,17919,31
4920,10987,46
4921,3650,39
4922,8271,38
4923,3784,32
4924,4861,39
4925,7508,36
4926,4750,44
4927,7815,42
4928,9656,28
4929,8737,50
4930,7842,49
4931,11288,42
4932,11227,42
4933,3933,35
4934,2587,51
4935,3964,49
4936,8375,38
4937,7422,44
4938,4349,39
4939,9982,33
4940,4881,38
4941,7578,42
4942,5691,31
4943,10983,46
4944,4381,42
4945,2526,29
4946,3021,36
4947,4846,28
4948,5744,47
4949,9141,36
4950,6988,31
4951,2916,58
4952,8848,30
4953,6579,32
4954,3956,29
4955,9375,37
4956,5765,40
4957,2400,32
4958,7239,50
4959,6344,29
4960,9775,33
4961,2939,36
4962,4526,45
4963,5220,38
4964,11432,53
4965,6936,30
4966,9268,28
4967,5450,39
4968,3780,27
4969,4037,44
4970,4399,34
4971,4786,46
4972,9126,45
4973,4642,24
4974,5913,48
4975,5635,41
4976,4756,38
4977,6967,42
4978,4994,44
4979,11951,53
4980,3968,39
4981,17587,39
4982,11516,40
4983,5715,44
4984,5125,39
4985,5769,30
4986,7437,33
4987,7275,47
4988,7724,42
4989,5211,42
4990,7642,28
4991,5152,38
4992,9228,45
4993,3339,35
4994,6600,41
4995,4380,45
4996,6878,40
4997,9440,40
4998,10146,37
4999,6183,38
