locationid,klout,reach,retweetcount,likes,sentiment,isreshare,influence,susceptibility,followers
2,22.0,87.0,0.0,0.0,0.0,0.0,0.22,0.3,9
13,50.0,5545.0,0.0,0.0,0.0,0.0,0.5,0.3,554
14,40.705882352941174,836.1176470588235,32.64705882352941,0.0,0.0,0.7647058823529411,0.40705882352941175,0.6058823529411765,84
18,23.0,84.0,0.0,0.0,0.0,0.0,0.23,0.3,8
27,52.0,760.0,10.0,0.0,0.0,1.0,0.52,0.7,76
30,50.0,2164.0,1.0,0.0,0.0,1.0,0.5,0.7,216
78,37.142857142857146,1695.4285714285713,3.4285714285714284,0.0,-0.16666666737624572,0.35714285714285715,0.37142857142857144,0.44285714285714284,170
79,39.07142857142857,270.2142857142857,0.07142857142857142,0.0,0.8214285714285714,0.07142857142857142,0.3907142857142857,0.32857142857142857,27
80,37.72222222222222,2269.0555555555557,7.055555555555555,0.0,0.16666666666666666,0.2962962962962963,0.37722222222222224,0.4185185185185185,227
81,40.724137931034484,5268.482758620689,4.896551724137931,0.0,0.4482758620689655,0.3448275862068966,0.4072413793103448,0.4379310344827586,527
82,40.55555555555556,2369.777777777778,15.777777777777779,0.0,0.5,0.4444444444444444,0.40555555555555556,0.47777777777777775,237
83,48.25,857.0,1.0,0.0,0.0,0.5,0.4825,0.5,86
84,54.0,1229.0,1.0,0.0,0.0,0.0,0.54,0.3,123
85,18.5,96.25,0.75,0.0,0.25,0.25,0.185,0.4,10
86,40.666666666666664,221.0,74.33333333333333,0.0,0.0,1.0,0.4066666666666666,0.7,22
87,38.0,4767.0,0.0,0.0,0.0,0.0,0.38,0.3,477
105,57.0,11078.0,31.0,0.0,-4.0,1.0,0.57,0.7,1108
112,47.0,797.0,3.0,0.0,0.0,1.0,0.47,0.7,80
158,48.0,850.0,4.0,0.0,0.0,1.0,0.48,0.7,85
183,34.166666666666664,597.1666666666666,16.833333333333332,0.0,0.6666666666666666,0.5,0.3416666666666666,0.5,60
184,29.0,120.0,1.0,0.0,2.0,1.0,0.29,0.7,12
185,40.0,88.0,1.0,0.0,0.0,1.0,0.4,0.7,9
188,29.0,62.0,2.5,0.0,1.0,1.0,0.29,0.7,6
197,43.0,137.0,6.0,0.0,0.0,1.0,0.43,0.7,14
199,31.75,2140.875,0.25,0.0,0.5,0.125,0.3175,0.35,214
209,30.5,107.5,19.5,0.0,0.75,0.5,0.305,0.5,11
210,52.0,3416.0,0.0,0.0,0.0,0.0,0.52,0.3,342
211,50.4,2883.0,4.4,0.0,1.0,1.0,0.504,0.7,288
212,56.0,9391.666666666666,0.0,0.0,0.3333333333333333,0.0,0.56,0.3,939
213,57.0,1300.0,0.0,0.0,-0.6666666666666666,0.0,0.57,0.3,130
215,47.0,321.0,23.0,0.0,0.0,1.0,0.47,0.7,32
226,0.0,537.0,0.25,0.0,0.0,0.25,0.0,0.4,54
245,47.0,573.0,1.0,0.0,1.0,1.0,0.47,0.7,57
254,45.0,989.0,3.0,0.0,0.0,0.0,0.45,0.3,99
266,31.0,218.0,0.0,0.0,0.0,0.0,0.31,0.3,22
280,17.0,33.0,0.0,0.0,0.0,0.0,0.17,0.3,3
287,20.4,8.6,0.0,0.0,0.0,0.0,0.204,0.3,1
288,39.0,460.0,0.0,0.0,-1.5,0.0,0.39,0.3,46
289,33.75,265.09375,6.75,0.0,0.515625,0.9375,0.3375,0.675,27
290,28.0,189.33333333333334,44.0,0.0,0.0,1.0,0.28,0.7,19
291,0.0,434.0,0.0,0.0,-1.0,0.0,0.0,0.3,43
292,25.857142857142858,239.28571428571428,18.714285714285715,0.0,-1.0,0.5714285714285714,0.25857142857142856,0.5285714285714286,24
294,48.0,270.6666666666667,0.0,0.0,0.0,0.0,0.48,0.3,27
297,22.0,15.0,5.0,0.0,0.0,1.0,0.22,0.7,2
298,52.5,3790.0,0.5,0.0,0.0,0.0,0.525,0.3,379
314,24.0,202.0,34.5,0.0,1.0,1.0,0.24,0.7,20
325,20.0,78.0,0.0,0.0,0.0,0.0,0.2,0.3,8
343,39.0,1030.0,4.0,0.0,2.0,1.0,0.39,0.7,103
375,28.0,279.0,0.0,0.0,0.0,0.0,0.28,0.3,28
385,38.0,360.0,25.0,0.0,0.0,1.0,0.38,0.7,36
451,36.0,205.0,0.0,0.0,0.0,0.0,0.36,0.3,20
459,45.0,2454.0,1.0,0.0,0.0,1.0,0.45,0.7,245
461,63.0,3048.0,0.0,0.0,-4.0,0.0,0.63,0.3,305
463,29.25,2061.875,4.0,0.0,0.25,0.375,0.2925,0.45,206
464,42.25,332.25,0.0,0.0,0.75,0.0,0.4225,0.3,33
465,37.25,322.5,0.25,0.0,0.25,0.0,0.3725,0.3,32
466,43.0,755.0,0.5,0.0,0.0,0.5,0.43,0.5,76
467,17.0,29.0,34.0,0.0,0.0,1.0,0.17,0.7,3
468,45.0,1234.0,0.0,0.0,0.5,0.0,0.45,0.3,123
470,47.0,1261.0,0.0,0.0,0.0,0.0,0.47,0.3,126
471,38.666666666666664,327.3333333333333,0.6666666666666666,0.0,2.1666666666666665,0.6666666666666666,0.38666666666666666,0.5666666666666667,33
472,45.0,1022.0,2.0,0.0,0.0,1.0,0.45,0.7,102
473,40.1,2136.0,13.3,0.0,0.1,0.4,0.401,0.46,214
479,61.0,195010.0,0.0,0.0,-0.5,0.0,0.61,0.3,19501
483,18.0,39.0,0.0,0.0,1.0,0.0,0.18,0.3,4
485,43.0,2904.25,0.5,0.0,-0.25,0.0,0.43,0.3,290
487,49.5,1727.5,1.0,0.0,-0.5,0.5,0.495,0.5,173
491,24.0,45.0,5.0,0.0,0.0,1.0,0.24,0.7,4
511,49.0,2264.0,0.0,0.0,1.0,0.0,0.49,0.3,226
515,57.0,2591.0,0.0,0.0,0.0,0.0,0.57,0.3,259
585,39.55555555555556,4775.333333333333,5.777777777777778,0.0,0.3333333333333333,0.6666666666666666,0.39555555555555555,0.5666666666666667,478
586,45.0,3774.0,0.0,0.0,0.0,0.0,0.45,0.3,377
611,41.15384615384615,291.34615384615387,22.03846153846154,0.0,0.28846153846153844,1.0,0.4115384615384615,0.7,29
612,50.75,7738.5,0.5,0.0,0.0,0.0,0.5075,0.3,774
616,46.0,409.0,8.0,0.0,0.0,1.0,0.46,0.7,41
618,42.0,259.0,0.0,0.0,0.0,0.0,0.42,0.3,26
626,27.0,229.0,0.0,0.0,0.0,0.0,0.27,0.3,23
631,46.5,307.75,0.5,0.0,0.5,0.25,0.465,0.4,31
632,63.0,4003.0,0.0,0.0,0.0,0.0,0.63,0.3,400
635,24.0,126.0,6.0,0.0,-1.0,1.0,0.24,0.7,13
640,42.0,932.0,0.0,0.0,-0.5,0.0,0.42,0.3,93
655,41.0,372.3333333333333,2.0,0.0,0.6666666666666666,1.0,0.41,0.7,37
658,33.0,118.0,0.0,0.0,4.0,0.0,0.33,0.3,12
677,40.0,448.0,52.0,0.0,0.0,1.0,0.4,0.7,45
681,19.0,133.0,0.0,0.0,2.0,0.0,0.19,0.3,13
691,29.0,288.0,156.0,0.0,0.0,1.0,0.29,0.7,29
692,39.0,200.0,2.0,0.0,0.0,0.0,0.39,0.3,20
694,31.0,863.6666666666666,18.666666666666668,0.0,0.3333333333333333,0.6666666666666666,0.31,0.5666666666666667,86
700,57.0,1633.0,1.0,0.0,0.0,1.0,0.57,0.7,163
707,21.0,42.0,0.0,0.0,0.0,0.0,0.21,0.3,4
712,43.0,264.0,0.0,0.0,0.0,0.0,0.43,0.3,26
718,56.0,284.0,5.0,0.0,0.0,1.0,0.56,0.7,28
728,26.0,57.0,19.0,0.0,-4.0,1.0,0.26,0.7,6
737,17.0,89.5,32.0,0.0,0.0,1.0,0.17,0.7,9
744,38.0,155.0,0.0,0.0,2.0,0.0,0.38,0.3,16
749,32.0,111.0,9.0,0.0,0.0,1.0,0.32,0.7,11
757,25.666666666666668,602.6666666666666,3.3333333333333335,0.0,0.0,0.3333333333333333,0.25666666666666665,0.43333333333333335,60
761,29.5,150.0,0.5,0.0,0.625,0.5,0.295,0.5,15
762,42.5,560.75,0.25,0.0,1.0,0.0,0.425,0.3,56
764,29.666666666666668,143.66666666666666,15.666666666666666,0.0,1.0,0.6666666666666666,0.2966666666666667,0.5666666666666667,14
769,23.0,69.0,81.0,0.0,0.0,0.5,0.23,0.5,7
774,33.0,41.0,1.0,0.0,1.0,1.0,0.33,0.7,4
777,43.0,289.0,10.0,0.0,0.0,1.0,0.43,0.7,29
784,37.0,137.5,0.5,0.0,-0.25,0.0,0.37,0.3,14
785,26.0,28.0,4.0,0.0,0.0,1.0,0.26,0.7,3
800,37.78504672897196,840.9719626168225,13.738317757009346,0.0,0.2523364485981308,0.5794392523364486,0.3778504672897196,0.5317757009345794,84
802,34.0,171.83333333333334,2.1666666666666665,0.0,0.5,1.0,0.34,0.7,17
805,54.5,3209.0,5.5,0.0,0.0,0.5,0.545,0.5,321
806,30.333333333333332,103.0,4.333333333333333,0.0,0.0,1.0,0.30333333333333334,0.7,10
810,0.0,4.0,0.0,0.0,2.0,0.0,0.0,0.3,0
813,28.666666666666668,428.0,0.0,0.0,-0.6666666666666666,0.0,0.2866666666666667,0.3,43
816,59.0,20144.0,0.0,0.0,0.0,0.0,0.59,0.3,2014
818,32.0,200.0,1.0,0.0,1.0,0.5,0.32,0.5,20
822,46.0,913.3333333333334,2.0,0.0,0.0,0.6666666666666666,0.46,0.5666666666666667,91
823,35.0,139.0,6.0,0.0,1.5,1.0,0.35,0.7,14
824,48.0,544.0,1.0,0.0,-2.0,1.0,0.48,0.7,54
828,16.0,20.0,0.0,0.0,0.0,0.0,0.16,0.3,2
837,50.5,2261.0,2.0,0.0,-1.5,0.5,0.505,0.5,226
860,45.0,323.0,4.0,0.0,3.0,1.0,0.45,0.7,32
866,37.0,190.5,45.0,0.0,0.0,1.0,0.37,0.7,19
882,35.0,51.0,10.0,0.0,0.0,1.0,0.35,0.7,5
897,35.0,56.0,2.0,0.0,0.0,1.0,0.35,0.7,6
922,30.0,590.0,2.0,0.0,0.0,1.0,0.3,0.7,59
926,34.5,510.5,1.0,0.0,0.0,0.5,0.345,0.5,51
1062,46.0,404.5,0.0,0.0,-0.5,0.0,0.46,0.3,40
1064,35.2,537.4,1.2,0.0,0.0,0.4,0.35200000000000004,0.46,54
1065,40.388888888888886,357.6111111111111,36.888888888888886,0.0,0.3333333333333333,0.7777777777777778,0.40388888888888885,0.6111111111111112,36
1066,43.35294117647059,332.5882352941176,2.0,0.0,0.19607843020383053,0.4117647058823529,0.4335294117647059,0.4647058823529412,33
1067,49.625,1153.0,0.375,0.0,0.625,0.0,0.49625,0.3,115
1068,51.1,4400.2,0.0,0.0,0.0,0.0,0.511,0.3,440
1069,32.729729729729726,696.1891891891892,17.7027027027027,0.0,0.17567567567567569,0.4864864864864865,0.3272972972972973,0.4945945945945946,70
1070,38.166666666666664,296.0,18.5,0.0,-0.09027777612209324,0.5833333333333334,0.38166666666666665,0.5333333333333333,30
1071,39.0,610.0,0.0,0.0,0.0,0.0,0.39,0.3,61
1073,37.0,155.0,0.0,0.0,1.5,0.0,0.37,0.3,16
1074,50.0,1356.5,0.0,0.0,0.0,0.0,0.5,0.3,136
1075,53.4,1351.2,0.2,0.0,0.1,0.1,0.534,0.33999999999999997,135
1076,48.0,1017.0,0.0,0.0,0.0,0.0,0.48,0.3,102
1077,48.0,846.0,2.0,0.0,2.0,0.0,0.48,0.3,85
1078,54.0,3095.0,1.5,0.0,0.0,0.5,0.54,0.5,310
1080,47.0,305.0,0.0,0.0,0.0,0.0,0.47,0.3,30
1084,41.5,995.5,0.5,0.0,1.0,0.5,0.415,0.5,100
1088,12.0,13.0,8.0,0.0,0.0,1.0,0.12,0.7,1
1089,42.0,155.0,7.0,0.0,2.0,0.0,0.42,0.3,16
1095,47.0,67355.0,0.0,0.0,-1.0,0.0,0.47,0.3,6736
1101,24.0,101.0,0.0,0.0,0.0,0.0,0.24,0.3,10
1102,34.0,120.0,1.0,0.0,-1.0,0.0,0.34,0.3,12
1110,44.5,440.5,2.0,0.0,2.0,0.0,0.445,0.3,44
1112,29.0,89.0,1.0,0.0,2.0,0.0,0.29,0.3,9
1114,11.0,2.0,230.0,0.0,0.0,1.0,0.11,0.7,0
1116,46.0,528.0,0.0,0.0,0.0,0.0,0.46,0.3,53
1137,43.0,468.0,0.0,0.0,0.5,0.0,0.43,0.3,47
1143,61.0,10355.0,0.0,0.0,3.0,0.0,0.61,0.3,1036
1144,41.0,786.0,7.0,0.0,1.5,1.0,0.41,0.7,79
1193,41.0,357.0,53.0,0.0,0.0,1.0,0.41,0.7,36
1263,47.0,1728.0,22.0,0.0,3.0,1.0,0.47,0.7,173
1284,29.0,271.0,0.5,0.0,-0.5,0.5,0.29,0.5,27
1288,33.0,577.0,1.0,0.0,0.0,1.0,0.33,0.7,58
1302,45.0,864.0,0.0,0.0,0.0,0.0,0.45,0.3,86
1309,45.0,993.0,11.0,0.0,0.0,1.0,0.45,0.7,99
1311,39.0,401.25,48.25,0.0,0.0,0.5,0.39,0.5,40
1315,19.0,128.0,1.0,0.0,0.0,1.0,0.19,0.7,13
1329,36.851351351351354,1172.6756756756756,11.35135135135135,0.0,0.22297297297297297,0.4189189189189189,0.3685135135135135,0.46756756756756757,117
1330,44.0,330.8333333333333,0.0,0.0,0.0,0.0,0.44,0.3,33
1331,40.6,374.46666666666664,0.13333333333333333,0.0,0.1,0.13333333333333333,0.406,0.35333333333333333,37
1332,38.43181818181818,783.0,7.4772727272727275,0.0,0.49242424152114156,0.3181818181818182,0.3843181818181818,0.42727272727272725,78
1333,32.86363636363637,602.3636363636364,5.643939393939394,0.0,0.3371212121212121,0.2196969696969697,0.32863636363636367,0.3878787878787879,60
1334,36.166666666666664,642.8333333333334,5.566666666666666,0.0,-0.09444444477558132,0.26666666666666666,0.36166666666666664,0.4066666666666667,64
1335,41.0,209.0,0.0,0.0,3.0,0.0,0.41,0.3,21
1336,32.81818181818182,332.5,9.5,0.0,0.045454545454545456,0.4090909090909091,0.3281818181818182,0.4636363636363636,33
1337,36.5,526.1428571428571,4.5,0.0,0.4642857142857143,0.2857142857142857,0.365,0.41428571428571426,53
1338,35.96666666666667,271.76666666666665,0.3333333333333333,0.0,0.21666666666666667,0.1,0.3596666666666667,0.33999999999999997,27
1339,17.666666666666668,115.33333333333333,0.6666666666666666,0.0,0.0,0.6666666666666666,0.17666666666666667,0.5666666666666667,12
1340,35.0,96.0,15.5,0.0,0.3333333333333333,0.8333333333333334,0.35,0.6333333333333333,10
1341,42.0,220.0,3.0,0.0,0.5,1.0,0.42,0.7,22
1342,39.0,209.5,26.25,0.0,0.75,1.0,0.39,0.7,21
1343,41.0,221.0,1.0,0.0,0.0,0.0,0.41,0.3,22
1344,41.5,10902.0,3.5,0.0,0.0,0.5,0.415,0.5,1090
1345,36.0,8455.5,6.0,0.0,0.25,0.5,0.36,0.5,846
1346,38.5,628.0,0.5,0.0,0.5,0.0,0.385,0.3,63
1349,49.5,5761.5,15.5,0.0,0.0,0.5,0.495,0.5,576
1355,32.5,406.0,1.0,0.0,0.0,0.5,0.325,0.5,41
1361,49.0,84355.0,1.0,0.0,0.0,1.0,0.49,0.7,8436
1362,38.0,294.0,35.5,0.0,0.0,1.0,0.38,0.7,29
1382,18.0,73.0,0.0,0.0,0.0,0.0,0.18,0.3,7
1391,42.0,255.0,1.0,0.0,2.0,0.0,0.42,0.3,26
1433,28.0,246.0,0.0,0.0,0.0,0.0,0.28,0.3,25
1483,45.714285714285715,478.57142857142856,0.0,0.0,0.0,0.0,0.45714285714285713,0.3,48
1485,16.0,99.0,0.0,0.0,0.0,0.0,0.16,0.3,10
1486,29.0,601.6666666666666,10.0,0.0,0.08333333333333333,0.5,0.29,0.5,60
1488,24.0,296.0,0.0,0.0,0.0,0.0,0.24,0.3,30
1490,34.0,64.0,0.0,0.0,0.0,0.0,0.34,0.3,6
1503,29.0,41.0,59.5,0.0,0.0,1.0,0.29,0.7,4
1509,28.0,502.0,0.0,0.0,0.0,0.0,0.28,0.3,50
1515,24.0,65.0,3.0,0.0,0.0,1.0,0.24,0.7,6
1519,32.0,133.0,0.0,0.0,0.0,0.0,0.32,0.3,13
1521,34.0,275.0,54.0,0.0,0.0,1.0,0.34,0.7,28
1583,20.0,201.0,3.0,0.0,1.5,1.0,0.2,0.7,20
1601,39.827586206896555,845.0689655172414,5.655172413793103,0.0,0.8103448275862069,0.5172413793103449,0.39827586206896554,0.506896551724138,85
1602,47.0,794.6666666666666,0.0,0.0,0.0,0.0,0.47,0.3,79
1603,44.0,254.4,5.75,0.0,0.475,0.175,0.44,0.37,25
1604,35.5,384.25,0.0,0.0,1.5,0.0,0.355,0.3,38
1605,38.0,878.0,0.0,0.0,0.0,0.0,0.38,0.3,88
1606,51.0,2997.5,0.0,0.0,0.0,0.0,0.51,0.3,300
1643,44.333333333333336,686.6666666666666,0.3333333333333333,0.0,0.3333333333333333,0.0,0.44333333333333336,0.3,69
1644,38.666666666666664,525.3333333333334,6.0,0.0,-0.3333333333333333,0.5,0.38666666666666666,0.5,53
1646,41.0,108.0,0.0,0.0,0.0,0.0,0.41,0.3,11
1649,41.0,369.0,0.0,0.0,0.0,0.0,0.41,0.3,37
1650,47.0,396.25,3.0,0.0,-0.375,0.25,0.47,0.4,40
1651,43.5,658.0,4.0,0.0,-0.5,1.0,0.435,0.7,66
1652,23.0,35.0,0.0,0.0,0.0,0.0,0.23,0.3,4
1653,51.0,1889.0,0.0,0.0,0.0,0.0,0.51,0.3,189
1654,49.0,1456.25,1.0,0.0,0.0,1.0,0.49,0.7,146
1659,17.0,28.0,0.0,0.0,0.0,0.0,0.17,0.3,3
1660,31.666666666666668,230.66666666666666,0.0,0.0,0.0,0.0,0.31666666666666665,0.3,23
1662,42.8,530.2,47.8,0.0,0.0,0.6,0.428,0.54,53
1664,41.0,211.0,0.0,0.0,3.0,0.0,0.41,0.3,21
1665,38.0,168.0,41.0,0.0,0.0,1.0,0.38,0.7,17
1686,43.0,377.5,26.0,0.0,0.0,1.0,0.43,0.7,38
1687,47.0,454.0,1.0,0.0,0.0,1.0,0.47,0.7,45
1703,51.0,82.0,5.0,0.0,0.0,1.0,0.51,0.7,8
1742,23.0,134.0,74.0,0.0,0.0,1.0,0.23,0.7,13
1788,40.97142857142857,1545.5142857142857,21.17142857142857,0.0,0.11428571428571428,0.5142857142857142,0.4097142857142857,0.5057142857142857,155
1789,29.0,505.0,0.0,0.0,1.5,0.0,0.29,0.3,50
1800,28.0,260.0,0.0,0.0,0.0,0.0,0.28,0.3,26
1812,20.0,78.0,34.0,0.0,0.0,1.0,0.2,0.7,8
1826,25.0,366.0,2.0,0.0,0.0,0.0,0.25,0.3,37
1831,44.2,26550.2,11.6,0.0,0.0,0.2,0.442,0.38,2655
1844,43.0,3881.0,0.0,0.0,0.0,0.0,0.43,0.3,388
1849,34.5,445.3333333333333,37.833333333333336,0.0,0.3333333333333333,0.5,0.345,0.5,45
1859,51.0,1332.8,1.0,0.0,0.5,0.0,0.51,0.3,133
1868,41.0,394.0,0.5,0.0,0.0,0.5,0.41,0.5,39
1877,37.0,234.0,0.0,0.0,0.0,0.0,0.37,0.3,23
1885,23.0,710.0,0.0,0.0,0.0,0.0,0.23,0.3,71
1902,57.333333333333336,4797.666666666667,0.6666666666666666,0.0,2.0,0.0,0.5733333333333334,0.3,480
1908,44.0,1980.0,2.0,0.0,0.0,0.0,0.44,0.3,198
1910,28.0,253.0,4.0,0.0,0.0,1.0,0.28,0.7,25
1919,48.0,1696.0,0.0,0.0,0.0,0.0,0.48,0.3,170
1931,53.0,20460.0,1.0,0.0,0.0,1.0,0.53,0.7,2046
1934,52.0,860.0,0.0,0.0,0.0,0.0,0.52,0.3,86
1936,29.0,501.0,0.0,0.0,0.0,0.0,0.29,0.3,50
1940,36.0,523.0,14.0,0.0,0.0,1.0,0.36,0.7,52
1941,42.0,183.0,0.0,0.0,0.0,0.0,0.42,0.3,18
1954,18.0,38.0,0.0,0.0,0.0,0.0,0.18,0.3,4
1961,35.0,1431.0,1.0,0.0,0.0,0.0,0.35,0.3,143
1963,15.0,190.0,1.0,0.0,0.0,1.0,0.15,0.7,19
2033,48.0,14145.0,1.0,0.0,0.0,0.0,0.48,0.3,1414
2039,29.0,357.0,0.0,0.0,0.0,0.0,0.29,0.3,36
2050,22.0,212.0,0.0,0.0,2.0,0.0,0.22,0.3,21
2055,36.5,1450.9444444444443,2.1666666666666665,0.0,0.5833333333333334,0.3333333333333333,0.365,0.43333333333333335,145
2056,26.0,233.75,0.0,0.0,0.0,0.0,0.26,0.3,23
2057,36.5,4116.0,18.0,0.0,0.0,1.0,0.365,0.7,412
2058,60.0,4109.0,1.0,0.0,1.5,1.0,0.6,0.7,411
2059,17.0,36.0,0.0,0.0,0.0,0.0,0.17,0.3,4
2061,54.0,1628.0,75.0,0.0,0.0,1.0,0.54,0.7,163
2065,12.0,11.0,0.0,0.0,0.0,0.0,0.12,0.3,1
2066,39.5,329.5,0.0,0.0,1.5,0.0,0.395,0.3,33
2069,37.0,1579.0,0.0,0.0,3.0,0.0,0.37,0.3,158
2070,44.5,685.0,31.5,0.0,0.0,1.0,0.445,0.7,68
2071,49.0,143.33333333333334,0.6666666666666666,0.0,0.0,0.3333333333333333,0.49,0.43333333333333335,14
2072,27.666666666666668,391.0,5.666666666666667,0.0,0.0,0.6666666666666666,0.27666666666666667,0.5666666666666667,39
2074,57.75,995.75,1.0,0.0,0.75,0.0,0.5775,0.3,100
2078,39.5,642.0,1.0,0.0,0.0,0.5,0.395,0.5,64
2092,31.0,756.5,0.0,0.0,0.0,0.0,0.31,0.3,76
2097,32.0,567.0,0.0,0.0,3.0,0.0,0.32,0.3,57
2100,40.0,632.0,0.0,0.0,3.0,0.0,0.4,0.3,63
2112,43.0,425.0,0.0,0.0,0.0,0.0,0.43,0.3,42
2115,46.0,565.0,0.0,0.0,0.0,0.0,0.46,0.3,56
2123,49.0,2047.0,0.0,0.0,0.0,0.0,0.49,0.3,205
2147,38.0,648.0,0.0,0.0,3.0,0.0,0.38,0.3,65
2180,30.571428571428573,1710.142857142857,18.714285714285715,0.0,0.35714285714285715,0.42857142857142855,0.3057142857142857,0.4714285714285714,171
2182,49.666666666666664,3278.3333333333335,0.3333333333333333,0.0,0.0,0.0,0.49666666666666665,0.3,328
2191,45.0,746.0,0.0,0.0,0.0,0.0,0.45,0.3,75
2202,54.0,11435.0,0.2,0.0,0.2,0.2,0.54,0.38,1144
2204,28.5,198.66666666666666,31.5,0.0,0.3333333333333333,0.6666666666666666,0.285,0.5666666666666667,20
2206,29.0,938.0,0.0,0.0,2.0,0.0,0.29,0.3,94
2228,42.5,967.5,17.0,0.0,0.0,1.0,0.425,0.7,97
2230,39.0,495.0,0.0,0.0,2.0,0.0,0.39,0.3,50
2253,38.166666666666664,2875.6666666666665,18.333333333333332,0.0,0.0,0.5,0.38166666666666665,0.5,288
2254,33.333333333333336,235.66666666666666,7.333333333333333,0.0,0.6666666666666666,0.3333333333333333,0.33333333333333337,0.43333333333333335,24
2277,56.0,95.0,0.0,0.0,-0.5,0.0,0.56,0.3,10
2287,15.0,46.0,3.0,0.0,0.0,1.0,0.15,0.7,5
2293,54.0,551.0,0.0,0.0,-1.0,0.0,0.54,0.3,55
2299,48.375,1081.375,13.25,0.0,0.625,0.875,0.48375,0.65,108
2300,33.0,251.0,0.0,0.0,0.0,0.0,0.33,0.3,25
2301,42.0,268.0,0.0,0.0,0.0,0.0,0.42,0.3,27
2304,45.0,688.0,0.0,0.0,3.0,0.0,0.45,0.3,69
2305,27.0,377.0,0.0,0.0,0.0,0.0,0.27,0.3,38
2317,32.0,119.0,16.0,0.0,1.0,1.0,0.32,0.7,12
2319,21.166666666666668,900.0,0.3333333333333333,0.0,0.0,0.16666666666666666,0.21166666666666667,0.36666666666666664,90
2321,20.0,197.0,19.0,0.0,0.0,1.0,0.2,0.7,20
2328,43.0,435.0,0.0,0.0,0.0,0.0,0.43,0.3,44
2341,16.0,98.0,0.0,0.0,3.0,0.0,0.16,0.3,10
2352,38.0,47.0,44.0,0.0,0.0,1.0,0.38,0.7,5
2377,28.0,35.0,0.0,0.0,0.0,0.0,0.28,0.3,4
2393,24.0,203.0,0.0,0.0,3.0,0.0,0.24,0.3,20
2402,34.0,198.0,54.0,0.0,0.0,1.0,0.34,0.7,20
2432,36.57142857142857,786.0,4.642857142857143,0.0,0.14285714285714285,0.21428571428571427,0.3657142857142857,0.3857142857142857,79
2433,13.0,43.0,0.0,0.0,0.0,0.0,0.13,0.3,4
2436,47.0,528.0,0.0,0.0,0.0,0.0,0.47,0.3,53
2439,47.0,8667.0,1.0,0.0,0.0,1.0,0.47,0.7,867
2440,41.0,199.0,1.0,0.0,0.0,1.0,0.41,0.7,20
2457,43.0,524.0,2.5,0.0,0.0,1.0,0.43,0.7,52
2482,46.666666666666664,6527.0,0.3333333333333333,0.0,0.6666666666666666,0.3333333333333333,0.4666666666666666,0.43333333333333335,653
2487,31.0,181.0,3.0,0.0,0.0,0.0,0.31,0.3,18
2500,46.0,502.0,2.0,0.0,2.0,1.0,0.46,0.7,50
2520,46.0,2144.0,6.5,0.0,0.0,1.0,0.46,0.7,214
2528,43.5,625.5,1.0,0.0,-1.0,0.5,0.435,0.5,63
2529,23.0,21.0,1.0,0.0,0.66666668653488,0.5,0.23,0.5,2
2530,47.0,1845.0,2.0,0.0,0.0,0.0,0.47,0.3,184
2537,37.0,238.0,2.0,0.0,0.0,1.0,0.37,0.7,24
2538,34.333333333333336,605.6666666666666,0.0,0.0,0.0,0.0,0.3433333333333334,0.3,61
2540,26.5,210.0,0.0,0.0,1.0,0.0,0.265,0.3,21
2571,28.0,156.0,0.0,0.0,1.5,0.0,0.28,0.3,16
2572,44.0,426.0,3.0,0.0,0.0,1.0,0.44,0.7,43
2576,42.0,159.0,0.0,0.0,0.0,0.0,0.42,0.3,16
2578,41.0,354.0,0.0,0.0,-1.0,0.0,0.41,0.3,35
2582,48.0,694.0,6.0,0.0,0.0,1.0,0.48,0.7,69
2585,39.0,214.0,2.0,0.0,1.5,1.0,0.39,0.7,21
2586,43.0,581.7142857142857,0.0,0.0,0.0,0.0,0.43,0.3,58
2594,41.0,517.0,25.0,0.0,0.0,1.0,0.41,0.7,52
2597,31.428571428571427,189.0,0.5714285714285714,0.0,-0.07142857142857142,0.0,0.3142857142857143,0.3,19
2599,22.0,50.0,1.0,0.0,0.0,0.0,0.22,0.3,5
2610,36.5,790.1666666666666,7.5,0.0,0.0,0.3333333333333333,0.365,0.43333333333333335,79
2612,48.8,2424.2,11.6,0.0,0.4,0.4,0.488,0.46,242
2613,39.0,439.5,5.0,0.0,-2.0,0.5,0.39,0.5,44
2615,42.0,1232.0,0.0,0.0,3.0,0.0,0.42,0.3,123
2620,48.0,605.0,0.0,0.0,0.0,0.0,0.48,0.3,60
2641,36.2,1431.9,46.7,0.0,0.0,0.7,0.36200000000000004,0.58,143
2650,38.172413793103445,2001.5172413793102,7.172413793103448,0.0,0.3103448275862069,0.4482758620689655,0.38172413793103444,0.4793103448275862,200
2651,39.0,94.0,2.0,0.0,0.0,1.0,0.39,0.7,9
2652,25.0,31.0,7.0,0.0,0.0,1.0,0.25,0.7,3
2653,71.0,4904.5,0.0,0.0,-0.375,0.0,0.71,0.3,490
2654,39.62068965517241,1606.0689655172414,13.275862068965518,0.0,0.5344827586206896,0.6206896551724138,0.39620689655172414,0.5482758620689655,161
2655,55.0,1907.0,9.5,0.0,0.0,1.0,0.55,0.7,191
2656,34.0,526.5,3.5,0.0,0.0,0.5,0.34,0.5,53
2663,38.0,1510.0,29.0,0.0,0.0,1.0,0.38,0.7,151
2671,37.333333333333336,297.3333333333333,33.0,0.0,1.0,0.6666666666666666,0.37333333333333335,0.5666666666666667,30
2673,39.333333333333336,866.6666666666666,0.3333333333333333,0.0,0.6666666666666666,0.0,0.39333333333333337,0.3,87
2677,34.0,186.0,1.0,0.0,2.0,1.0,0.34,0.7,19
2705,44.0,287.0,6.0,0.0,0.0,1.0,0.44,0.7,29
2732,56.0,10777.0,1.0,0.0,2.0,1.0,0.56,0.7,1078
2832,22.0,252.0,0.0,0.0,0.0,0.0,0.22,0.3,25
2839,18.0,158.0,0.0,0.0,0.0,0.0,0.18,0.3,16
2842,33.0,47.0,0.0,0.0,-1.0,0.0,0.33,0.3,5
2843,21.0,93.0,85.0,0.0,0.0,1.0,0.21,0.7,9
2844,30.833333333333332,6451.416666666667,13.5,0.0,0.25,0.4583333333333333,0.30833333333333335,0.48333333333333334,645
2845,42.0,306.5,15.5,0.0,1.0,1.0,0.42,0.7,31
2868,41.0,518.0,1.0,0.0,0.0,1.0,0.41,0.7,52
2888,35.666666666666664,308.6666666666667,13.833333333333334,0.0,0.25,0.3333333333333333,0.35666666666666663,0.43333333333333335,31
2889,49.0,1248.0,0.0,0.0,1.0,0.0,0.49,0.3,125
2892,43.0,1296.0,1.0,0.0,2.0,1.0,0.43,0.7,130
2902,43.0,351.0,1.0,0.0,0.0,1.0,0.43,0.7,35
2909,20.0,66.0,7.0,0.0,2.0,1.0,0.2,0.7,7
2917,35.0,495.0,3.0,0.0,3.0,1.0,0.35,0.7,50
2925,36.61538461538461,969.0,41.84615384615385,0.0,0.6923076923076923,0.6923076923076923,0.3661538461538461,0.5769230769230769,97
2926,23.0,58.0,1.0,0.0,0.0,1.0,0.23,0.7,6
2928,43.0,402.0,51.0,0.0,2.0,1.0,0.43,0.7,40
2939,44.0,963.3333333333334,0.0,0.0,0.6666666666666666,0.0,0.44,0.3,96
2942,55.25,14465.5,0.25,0.0,0.5,0.25,0.5525,0.4,1447
2943,42.0,334.0,68.0,0.0,0.0,1.0,0.42,0.7,33
2960,14.0,8.0,0.0,0.0,0.0,0.0,0.14,0.3,1
2963,45.666666666666664,6048.0,4.333333333333333,0.0,0.0,0.6666666666666666,0.45666666666666667,0.5666666666666667,605
2964,27.0,287.0,0.5,0.0,2.0,0.0,0.27,0.3,29
2965,29.0,102.0,0.0,0.0,0.0,0.0,0.29,0.3,10
2997,16.333333333333332,13.333333333333334,2.0,0.0,0.6666666666666666,1.0,0.16333333333333333,0.7,1
3000,26.0,143.0,46.0,0.0,-4.0,1.0,0.26,0.7,14
3011,12.818181818181818,1253.7272727272727,0.36363636363636365,0.0,0.09090909090909091,0.09090909090909091,0.12818181818181817,0.33636363636363636,125
3013,30.5,634.0,0.5,0.0,1.0,0.5,0.305,0.5,63
3017,41.857142857142854,996.4285714285714,25.714285714285715,0.0,-0.14285714285714285,0.14285714285714285,0.41857142857142854,0.35714285714285715,100
3018,57.142857142857146,389.42857142857144,0.0,0.0,0.0,0.0,0.5714285714285715,0.3,39
3019,40.348,2217.748,5.124,0.0,0.23933333289623257,0.252,0.40348,0.4008,222
3020,26.0,346.0,0.0,0.0,0.0,0.0,0.26,0.3,35
3021,30.5,796.0,0.5,0.0,1.5,0.0,0.305,0.3,80
3022,8.2,1582.4,0.8,0.0,0.4,0.2,0.08199999999999999,0.38,158
3023,42.833333333333336,1810.8333333333333,0.16666666666666666,0.0,0.3333333333333333,0.0,0.42833333333333334,0.3,181
3024,36.5,210.5,0.0,0.0,0.0,0.0,0.365,0.3,21
3025,38.6,2078.7,3.0,0.0,0.3,0.5,0.386,0.5,208
3026,21.0,72.0,0.0,0.0,4.0,0.0,0.21,0.3,7
3027,32.714285714285715,384.7142857142857,0.42857142857142855,0.0,1.7619047590664454,0.14285714285714285,0.3271428571428572,0.35714285714285715,38
3028,39.166666666666664,691.6666666666666,0.0,0.0,0.4166666666666667,0.0,0.39166666666666666,0.3,69
3029,45.0,1051.5,0.0,0.0,1.5,0.0,0.45,0.3,105
3030,46.55555555555556,1140.7777777777778,0.2222222222222222,0.0,0.6666666666666666,0.0,0.46555555555555556,0.3,114
3031,36.72727272727273,585.0909090909091,0.9090909090909091,0.0,0.14204545454545456,0.06818181818181818,0.36727272727272725,0.32727272727272727,59
3032,28.666666666666668,66.0,3.6666666666666665,0.0,0.6666666666666666,0.3333333333333333,0.2866666666666667,0.43333333333333335,7
3033,46.357142857142854,1671.7142857142858,0.42857142857142855,0.0,-0.05357142857142857,0.14285714285714285,0.4635714285714285,0.35714285714285715,167
3035,41.0,85.0,0.0,0.0,0.0,0.0,0.41,0.3,8
3036,44.333333333333336,1155.0,0.0,0.0,0.0,0.0,0.44333333333333336,0.3,116
3037,40.2,361.8,2.6,0.0,0.2,0.6,0.402,0.54,36
3038,48.0,2033.0,0.0,0.0,0.0,0.0,0.48,0.3,203
3039,41.0,157.0,0.0,0.0,0.0,0.0,0.41,0.3,16
3044,42.0,865.0,0.0,0.0,0.0,0.0,0.42,0.3,86
3048,54.4,1829.2,1.8,0.0,0.4,1.0,0.544,0.7,183
3050,52.0,3633.0,0.0,0.0,0.0,0.0,0.52,0.3,363
3056,51.0,3515.6,1.0,0.0,0.0,0.0,0.51,0.3,352
3060,53.0,564.75,0.0,0.0,0.0,0.0,0.53,0.3,56
3062,46.0,544.0,0.0,0.0,0.0,0.0,0.46,0.3,54
3064,45.4,936.0,14.2,0.0,0.4,0.4,0.45399999999999996,0.46,94
3068,80.0,248920.0,3.5,0.0,0.0,0.0,0.8,0.3,24892
3069,28.666666666666668,590.3333333333334,0.75,0.0,0.25,0.25,0.2866666666666667,0.4,59
3071,5.0,32.333333333333336,22.0,0.0,0.0,0.3333333333333333,0.05,0.43333333333333335,3
3072,36.0,295.0,0.0,0.0,0.0,0.0,0.36,0.3,30
3078,54.0,1271.0,14.0,0.0,0.0,1.0,0.54,0.7,127
3079,44.0,360.0,0.0,0.0,0.0,0.0,0.44,0.3,36
3083,54.0,1113.0,1.0,0.0,2.0,1.0,0.54,0.7,111
3085,50.0,992.6666666666666,0.6666666666666666,0.0,0.3333333333333333,0.3333333333333333,0.5,0.43333333333333335,99
3088,24.0,53.0,1.0,0.0,0.0,0.0,0.24,0.3,5
3089,32.0,187.0,0.0,0.0,0.0,0.0,0.32,0.3,19
3091,34.333333333333336,812.3333333333334,1.0,0.0,0.0,0.3333333333333333,0.3433333333333334,0.43333333333333335,81
3093,42.0,7280.0,0.0,0.0,0.0,0.0,0.42,0.3,728
3095,41.333333333333336,296.6666666666667,4.0,0.0,0.6666666666666666,1.0,0.41333333333333333,0.7,30
3097,55.0,1079.0,2.0,0.0,0.0,1.0,0.55,0.7,108
3098,24.0,1083.3333333333333,19.333333333333332,0.0,0.0,1.0,0.24,0.7,108
3114,47.666666666666664,1378.6666666666667,0.0,0.0,2.1666666666666665,0.0,0.4766666666666666,0.3,138
3117,30.0,95.5,0.0,0.0,0.0,0.0,0.3,0.3,10
3118,23.0,246.0,0.0,0.0,0.0,0.0,0.23,0.3,25
3120,40.0,1385.0,0.5,0.0,0.0,0.25,0.4,0.4,138
3121,50.0,1174.0,0.0,0.0,0.0,0.0,0.5,0.3,117
3128,25.0,165.0,1.0,0.0,0.0,1.0,0.25,0.7,16
3129,48.0,247.0,0.0,0.0,1.0,0.0,0.48,0.3,25
3132,42.0,151.0,0.0,0.0,0.0,0.0,0.42,0.3,15
3135,28.0,181.0,6.333333333333333,0.0,0.3333333333333333,0.3333333333333333,0.28,0.43333333333333335,18
3137,34.75,622.5,0.0,0.0,0.0,0.0,0.3475,0.3,62
3138,51.0,1993.0,2.0,0.0,-1.0,1.0,0.51,0.7,199
3142,42.0,193.66666666666666,22.0,0.0,0.5,1.0,0.42,0.7,19
3162,29.5,257.0,3.0,0.0,0.0,1.0,0.295,0.7,26
3171,38.0,206.0,0.0,0.0,2.0,0.0,0.38,0.3,21
3195,65.0,5692.0,1.0,0.0,0.0,0.0,0.65,0.3,569
3198,54.0,2108.0,0.0,0.0,2.5,0.0,0.54,0.3,211
3206,52.0,1301.0,48.666666666666664,0.0,0.0,1.0,0.52,0.7,130
3216,39.0,1082.0,0.0,0.0,0.0,0.0,0.39,0.3,108
3217,35.0,121.0,0.0,0.0,5.0,0.0,0.35,0.3,12
3219,41.0,433.5,6.5,0.0,0.0,0.5,0.41,0.5,43
3233,63.0,4437.0,1.0,0.0,2.0,1.0,0.63,0.7,444
3250,38.0,631.0,0.0,0.0,0.0,0.0,0.38,0.3,63
3307,20.0,77.0,0.0,0.0,0.0,0.0,0.2,0.3,8
3308,45.0,344.0,1.0,0.0,2.0,0.0,0.45,0.3,34
3309,48.0,2469.0,0.0,0.0,0.0,0.0,0.48,0.3,247
3310,44.0,1027.5,0.5,0.0,0.5,0.5,0.44,0.5,103
3311,41.0,530.0,1.0,0.0,0.0,1.0,0.41,0.7,53
3312,40.0,611.0,0.0,0.0,0.0,0.0,0.4,0.3,61
3318,36.25,596.25,1.0,0.0,2.0,0.25,0.3625,0.4,60
3327,31.0,202.0,0.0,0.0,2.0,0.0,0.31,0.3,20
3343,15.0,37.0,0.0,0.0,2.0,0.0,0.15,0.3,4
3352,41.0,198.0,0.5,0.0,0.0,0.0,0.41,0.3,20
3355,41.0,289.0,1.0,0.0,0.0,0.0,0.41,0.3,29
3364,23.0,324.0,26.0,0.0,3.0,0.0,0.23,0.3,32
3376,37.5,759.5,1.5,0.0,0.0,0.5,0.375,0.5,76
3400,43.0,657.0,0.0,0.0,1.0,0.0,0.43,0.3,66
3417,33.0,395.0,0.0,0.0,0.0,0.0,0.33,0.3,40
3423,38.0,387.0,14.0,0.0,0.0,1.0,0.38,0.7,39
3524,39.0,332.0,0.0,0.0,2.0,0.0,0.39,0.3,33
3525,31.0,899.0,1.0,0.0,3.0,1.0,0.31,0.7,90
3526,47.0,2200.0,4.0,0.0,0.0,1.0,0.47,0.7,220
3611,47.0,1103.0,0.0,0.0,0.0,0.0,0.47,0.3,110
3678,42.0,948.0,0.0,0.0,1.5,0.0,0.42,0.3,95
3679,47.0,393.0,0.0,0.0,0.0,0.0,0.47,0.3,39
3737,27.17142857142857,57.82857142857143,0.2857142857142857,0.0,0.0,0.0,0.2717142857142857,0.3,6
3738,44.414414414414416,2298.711711711712,2.8468468468468466,0.0,0.24924924889126332,0.1891891891891892,0.44414414414414416,0.37567567567567567,230
3739,40.78846153846154,6638.461538461538,5.826923076923077,0.0,0.3076923076923077,0.46153846153846156,0.4078846153846154,0.4846153846153846,664
3740,47.0,304.0,0.0,0.0,2.0,0.0,0.47,0.3,30
3741,44.0,1368.3207547169811,3.509433962264151,0.0,0.40408804956472133,0.22641509433962265,0.44,0.3905660377358491,137
3742,35.5,1002.3333333333334,0.16666666666666666,0.0,0.5,0.16666666666666666,0.355,0.36666666666666664,100
3743,46.0,509.0,0.0,0.0,0.0,0.0,0.46,0.3,51
3744,41.04,2057.36,6.44,0.0,0.22,0.32,0.4104,0.428,206
3745,56.04651162790697,540.7906976744187,0.0,0.0,0.06976744186046512,0.0,0.5604651162790697,0.3,54
3746,44.44827586206897,1592.4827586206898,0.7586206896551724,0.0,0.3793103448275862,0.2413793103448276,0.4444827586206897,0.39655172413793105,159
3747,48.0,469.0,0.0,0.0,0.0,0.0,0.48,0.3,47
3748,48.0,1499.0,0.5,0.0,0.5,0.0,0.48,0.3,150
3749,44.1,774.1,0.4,0.0,1.0,0.1,0.441,0.33999999999999997,77
3750,40.0,499.6,0.0,0.0,0.4,0.0,0.4,0.3,50
3751,38.60621761658031,43616.51295336788,15.199481865284975,2.1580310880829017,0.2642487045087963,0.3160621761658031,0.3860621761658031,0.42642487046632127,4362
3752,39.97142857142857,721.1428571428571,1.7142857142857142,0.0,0.014285714285714285,0.17142857142857143,0.3997142857142857,0.36857142857142855,72
3753,44.19921875,2808.7890625,2.6640625,0.0,0.25683593715075403,0.25390625,0.4419921875,0.4015625,281
3754,43.07142857142857,2546.5476190476193,2.3095238095238093,0.0,0.35714285714285715,0.19047619047619047,0.4307142857142857,0.3761904761904762,255
3755,41.333333333333336,303.1111111111111,0.9444444444444444,0.0,0.1388888888888889,0.05555555555555555,0.41333333333333333,0.3222222222222222,30
3756,49.75,746.5,9.75,0.0,0.5,0.5,0.4975,0.5,75
3757,51.44444444444444,2530.777777777778,0.0,0.0,0.07407407628165347,0.0,0.5144444444444445,0.3,253
3758,46.3,2161.3,3.2666666666666666,0.0,0.15,0.3,0.46299999999999997,0.42,216
3759,48.0,498.8,0.0,0.0,0.4,0.0,0.48,0.3,50
3760,45.0,118.5,0.0,0.0,-0.5,0.0,0.45,0.3,12
3761,40.0,418.97872340425533,0.10638297872340426,0.0,0.11702127659574468,0.0,0.4,0.3,42
3762,47.774193548387096,17355.322580645163,1.064516129032258,0.0,0.6182795686106526,0.967741935483871,0.47774193548387095,0.6870967741935484,1736
3763,47.09090909090909,43619.545454545456,4.2727272727272725,0.0,0.0,0.45454545454545453,0.47090909090909094,0.4818181818181818,4362
3764,45.75,4494.625,2.03125,0.0,0.20052083209156985,0.140625,0.4575,0.35625,449
3765,50.0,1741.3333333333333,5.333333333333333,0.0,0.0,1.0,0.5,0.7,174
3766,44.317460317460316,2730.1111111111113,2.4603174603174605,0.0,0.2619047619047619,0.15873015873015872,0.44317460317460317,0.3634920634920635,273
3767,49.0,109.0,0.0,0.0,0.0,0.0,0.49,0.3,11
3768,46.75,1488.25,1.0,0.0,-0.375,0.25,0.4675,0.4,149
3769,32.57142857142857,1467.2857142857142,0.0,0.0,0.14285714285714285,0.0,0.3257142857142857,0.3,147
3770,45.666666666666664,1129.0,0.6666666666666666,0.0,0.0,0.6666666666666666,0.45666666666666667,0.5666666666666667,113
3771,37.0,455.0,2.5,0.0,0.375,0.5,0.37,0.5,46
3772,54.0,330.5,0.0,0.0,1.0,0.0,0.54,0.3,33
3773,41.0,447.0,0.0,0.0,0.75,0.0,0.41,0.3,45
3774,41.878787878787875,3779.6363636363635,9.06060606060606,0.0,0.030303030303030304,0.5151515151515151,0.41878787878787876,0.5060606060606061,378
3775,49.30769230769231,21479.384615384617,3.3076923076923075,0.0,0.4230769230769231,0.3076923076923077,0.4930769230769231,0.4230769230769231,2148
3776,40.714285714285715,3633.5396825396824,1.9047619047619047,0.0,0.1984126984126984,0.31746031746031744,0.40714285714285714,0.42698412698412697,363
3777,45.0,972.0,1.0,0.0,0.0,1.0,0.45,0.7,97
3778,40.63636363636363,979.0,3.1818181818181817,0.0,-0.24242424152114184,0.09090909090909091,0.4063636363636363,0.33636363636363636,98
3779,56.0,2069.0,0.0,0.0,1.25,0.0,0.56,0.3,207
3780,36.0,98.0,1.0,0.0,0.0,0.0,0.36,0.3,10
3781,44.0,619.0,0.0,0.0,0.0,0.0,0.44,0.3,62
3782,32.42857142857143,336.85714285714283,1.0,0.0,0.07142857142857142,0.7142857142857143,0.3242857142857143,0.5857142857142857,34
3783,27.0,477.5,0.5,0.0,1.0,0.5,0.27,0.5,48
3784,57.7,136539.4,2.0,0.0,0.0,0.0,0.5770000000000001,0.3,13654
3785,46.57142857142857,1435.4285714285713,0.14285714285714285,0.0,-0.23809524093355444,0.14285714285714285,0.4657142857142857,0.35714285714285715,144
3786,45.868852459016395,3308.27868852459,1.4754098360655739,0.0,0.36065573770491804,0.22950819672131148,0.45868852459016396,0.3918032786885246,331
3787,39.333333333333336,443.6666666666667,0.3333333333333333,0.0,1.3333333333333333,0.3333333333333333,0.39333333333333337,0.43333333333333335,44
3788,27.0,127.0,0.0,0.0,2.25,0.0,0.27,0.3,13
3789,41.0,334.5,9.5,0.0,1.0,0.5,0.41,0.5,33
3790,28.0,870.8333333333334,0.5,0.0,0.5,0.16666666666666666,0.28,0.36666666666666664,87
3791,53.55555555555556,3961.0,0.2222222222222222,0.0,-0.1111111111111111,0.1111111111111111,0.5355555555555556,0.34444444444444444,396
3792,47.43478260869565,2313.7391304347825,7.391304347826087,0.0,-0.021739130434782608,0.17391304347826086,0.47434782608695647,0.3695652173913043,231
3793,31.8,1124.7333333333333,2.7333333333333334,0.0,-0.2,0.2,0.318,0.38,112
3794,45.5,8699.6,4.2,0.0,0.133333334326744,0.3,0.455,0.42,870
3795,42.0,251.66666666666666,1.0,0.0,-0.5,0.6666666666666666,0.42,0.5666666666666667,25
3796,56.13333333333333,2984.266666666667,1.1333333333333333,0.0,-0.06666666666666667,0.13333333333333333,0.5613333333333334,0.35333333333333333,298
3797,18.0,15.0,0.0,0.0,1.5,0.0,0.18,0.3,2
3798,49.0,14862.0,1.0,0.0,0.0,0.0,0.49,0.3,1486
3799,35.5,342.5,0.0,0.0,2.5,0.0,0.355,0.3,34
3800,22.0,169.0,0.0,0.0,0.0,0.0,0.22,0.3,17
3801,34.0,3056.0,0.0,0.0,0.0,0.0,0.34,0.3,306
3802,40.0,512.0,1.0,0.0,0.0,0.0,0.4,0.3,51
3803,33.5,693.0,0.0,0.0,-1.5,0.0,0.335,0.3,69
3804,41.0,298.5,0.5,0.0,1.0,0.0,0.41,0.3,30
3805,35.333333333333336,336.6666666666667,10.333333333333334,0.0,0.0,1.0,0.35333333333333333,0.7,34
3806,47.15384615384615,237.84615384615384,0.15384615384615385,0.0,0.2692307692307692,0.0,0.4715384615384615,0.3,24
3807,40.666666666666664,922.0,0.0,0.0,1.0,0.0,0.4066666666666666,0.3,92
3808,35.0,350.0,0.0,0.0,0.0,0.0,0.35,0.3,35
3809,41.0,159.0,3.0,0.0,0.0,1.0,0.41,0.7,16
3810,49.333333333333336,2453.8333333333335,1.3333333333333333,0.0,0.16666666666666666,0.3333333333333333,0.49333333333333335,0.43333333333333335,245
3811,41.0,3219.125,4.125,0.0,0.4375,0.5,0.41,0.5,322
3812,22.0,21.0,1.0,0.0,0.0,1.0,0.22,0.7,2
3813,36.0,447.0,2.0,0.0,2.0,1.0,0.36,0.7,45
3814,44.0,522.5714285714286,3.5714285714285716,0.0,0.5714285714285714,0.2857142857142857,0.44,0.41428571428571426,52
3815,41.5,1191.9333333333334,3.2,0.0,0.7333333333333333,0.36666666666666664,0.415,0.44666666666666666,119
3816,42.5,578.0384615384615,14.346153846153847,0.0,0.3269230769230769,0.4230769230769231,0.425,0.46923076923076923,58
3817,38.0,379.5,204.5,0.0,1.0,0.5,0.38,0.5,38
3818,44.25,3217.75,1.5,0.0,0.0,0.25,0.4425,0.4,322
3819,32.0,268.5,0.5,0.0,1.16666668653488,0.25,0.32,0.4,27
3820,39.07692307692308,1784.3076923076924,5.153846153846154,0.0,0.34615384615384615,0.6153846153846154,0.3907692307692308,0.5461538461538462,178
3821,43.0,1735.0,88.0,0.0,1.0,1.0,0.43,0.7,174
3822,43.0,220.0,0.0,0.0,0.0,0.0,0.43,0.3,22
3823,39.5,182.0,1.0,0.0,-0.5,0.5,0.395,0.5,18
3824,46.54545454545455,2402.7272727272725,0.2727272727272727,0.0,-0.18181818181818182,0.18181818181818182,0.46545454545454545,0.37272727272727274,240
3825,37.285714285714285,14157.904761904761,7.238095238095238,0.0,0.23809523809523808,0.38095238095238093,0.37285714285714283,0.4523809523809524,1416
3827,23.5,26.0,0.0,0.0,0.0,0.0,0.235,0.3,3
3829,51.75,2945.75,17.25,0.0,0.0,0.5,0.5175,0.5,295
3830,42.5,2604.75,3.625,0.0,0.6875,0.375,0.425,0.45,260
3833,36.857142857142854,786.2857142857143,3.142857142857143,0.0,1.1428571428571428,0.2857142857142857,0.36857142857142855,0.41428571428571426,79
3835,50.0,512.0,0.0,0.0,-2.0,0.0,0.5,0.3,51
3836,37.8,1051.8,3.6,0.0,0.4,0.4,0.37799999999999995,0.46,105
3840,36.92307692307692,735.2307692307693,0.46153846153846156,0.0,0.6153846153846154,0.23076923076923078,0.3692307692307692,0.3923076923076923,74
3841,24.0,65.66666666666667,0.0,0.0,0.0,0.0,0.24,0.3,7
3842,39.2,336.0,3.6,0.0,0.6,0.4,0.392,0.46,34
3843,40.25,366.0,0.0,0.0,1.0,0.0,0.4025,0.3,37
3844,43.875,327.5,0.125,0.0,0.125,0.0,0.43875,0.3,33
3845,37.77777777777778,112.77777777777777,0.8333333333333334,0.0,0.6666666666666666,0.1111111111111111,0.37777777777777777,0.34444444444444444,11
3846,47.5,971.5,0.0,0.0,0.0,0.0,0.475,0.3,97
3848,62.916666666666664,35263.833333333336,17.666666666666668,0.0,0.08333333333333333,0.08333333333333333,0.6291666666666667,0.3333333333333333,3526
3849,52.92,15284.44,3.0,0.0,0.12,0.04,0.5292,0.316,1528
3851,28.666666666666668,512.6666666666666,1.6666666666666667,0.0,0.0,0.3333333333333333,0.2866666666666667,0.43333333333333335,51
3852,39.8,259.48571428571427,0.34285714285714286,0.0,0.2714285714285714,0.14285714285714285,0.39799999999999996,0.35714285714285715,26
3854,49.5,2677.0,6.75,0.0,0.0,0.75,0.495,0.6000000000000001,268
3857,43.666666666666664,828.4666666666667,6.866666666666666,0.0,0.8666666666666667,0.7333333333333333,0.43666666666666665,0.5933333333333333,83
3858,0.0,232.0,9.0,0.0,0.0,1.0,0.0,0.7,23
3861,46.625,33198.75,4.75,0.0,0.54166667163372,0.125,0.46625,0.35,3320
3862,46.0,2332.0,1.0,0.0,0.0,1.0,0.46,0.7,233
3865,39.666666666666664,2931.3333333333335,5.333333333333333,0.0,1.0,0.6666666666666666,0.39666666666666667,0.5666666666666667,293
3866,47.18181818181818,727.5454545454545,12.636363636363637,0.0,0.28787879510359365,0.5454545454545454,0.4718181818181818,0.5181818181818182,73
3870,29.333333333333332,5025.5,12.833333333333334,0.0,0.5,0.6666666666666666,0.29333333333333333,0.5666666666666667,503
3872,15.0,22.0,1.0,0.0,0.0,0.0,0.15,0.3,2
3873,44.68421052631579,5268.9473684210525,4.473684210526316,0.0,0.6578947368421053,0.21052631578947367,0.4468421052631579,0.38421052631578945,527
3874,42.75,12725.035714285714,4.142857142857143,0.14285714285714285,0.4107142857142857,0.35714285714285715,0.4275,0.44285714285714284,1273
3875,50.0,1420.6666666666667,6.166666666666667,0.0,0.0,0.16666666666666666,0.5,0.36666666666666664,142
3877,47.0,10252.0,0.5,0.0,0.0,0.0,0.47,0.3,1025
3879,42.0,247.0,0.0,0.0,0.0,0.0,0.42,0.3,25
3883,38.0,1432.0,0.0,0.0,2.5,0.0,0.38,0.3,143
3885,30.0,116.0,0.0,0.0,0.0,0.0,0.3,0.3,12
3886,45.6,1388.4,2.8,0.0,0.6,0.2,0.456,0.38,139
3888,45.333333333333336,917.1666666666666,1.9166666666666667,0.0,0.375,0.4166666666666667,0.45333333333333337,0.4666666666666667,92
3889,36.5,322.5,0.0,0.0,0.0,0.0,0.365,0.3,32
3890,36.5,285.5,2.0,0.0,0.5,1.0,0.365,0.7,29
3891,47.0,3736.0,0.0,0.0,-0.5,0.0,0.47,0.3,374
3892,33.0,616.0,3.0,0.0,0.0,0.0,0.33,0.3,62
3893,25.0,99.66666666666667,13.333333333333334,0.0,0.0,0.6666666666666666,0.25,0.5666666666666667,10
3894,31.0,162.5,0.5,0.0,3.0,0.0,0.31,0.3,16
3900,32.666666666666664,145.33333333333334,11.0,0.0,0.0,0.6666666666666666,0.32666666666666666,0.5666666666666667,15
3901,36.0,197.0,6.0,0.0,-1.0,0.5,0.36,0.5,20
3902,49.0,3109.0,0.0,0.0,0.0,0.0,0.49,0.3,311
3906,28.0,424.6666666666667,9.833333333333334,0.0,0.8333333333333334,0.5,0.28,0.5,42
3907,37.42857142857143,640.7142857142857,3.5714285714285716,0.0,-0.5714285714285714,0.5714285714285714,0.37428571428571433,0.5285714285714286,64
3908,39.0,155.0,1.0,0.0,0.0,0.0,0.39,0.3,16
3909,31.75,2635.75,9.25,0.0,0.0,0.375,0.3175,0.45,264
3913,31.625,327.125,5.125,0.0,0.3125,0.625,0.31625,0.55,33
3914,43.0,5588.625,6.75,0.0,-0.6875,0.375,0.43,0.45,559
3915,37.375,335.625,35.0,0.0,0.4375,0.75,0.37375,0.6000000000000001,34
3916,49.5,135979.5,0.0,0.0,0.0,0.0,0.495,0.3,13598
3917,48.0,366.0,47.0,0.0,-4.0,1.0,0.48,0.7,37
3919,40.0,1881.0,0.0,0.0,0.2,0.0,0.4,0.3,188
3922,48.0,3051.0,0.0,0.0,0.0,0.0,0.48,0.3,305
3925,34.5,266.5,0.0,0.0,0.5,0.0,0.345,0.3,27
3926,49.0,14697.0,0.0,0.0,0.0,0.0,0.49,0.3,1470
3927,27.2,1091.7,0.2,0.0,0.55,0.1,0.272,0.33999999999999997,109
3932,44.0,8789.5,3.0,0.0,0.25,0.5,0.44,0.5,879
3934,26.25,157.5,0.0,0.0,-0.04166665673255998,0.0,0.2625,0.3,16
3938,40.0,477.0,0.0,0.0,2.0,0.0,0.4,0.3,48
3941,40.0,903.0,0.0,0.0,0.25,0.0,0.4,0.3,90
3946,43.0,181.5,1.5,0.0,2.0,0.0,0.43,0.3,18
3951,45.0,418.0,0.0,0.0,1.0,0.0,0.45,0.3,42
3953,43.75,1473.25,13.0,0.0,0.0,1.0,0.4375,0.7,147
3954,52.666666666666664,3309.6666666666665,5.444444444444445,0.0,0.05555555555555555,0.5555555555555556,0.5266666666666666,0.5222222222222223,331
3957,44.2,1233.8,1.0,0.0,0.3,0.2,0.442,0.38,123
3961,43.5,1905.0,0.5,0.0,1.5,0.5,0.435,0.5,190
3967,49.0,1496.0,0.0,0.0,0.0,0.0,0.49,0.3,150
3968,29.666666666666668,309.6666666666667,20.333333333333332,0.0,-1.3333333333333333,1.0,0.2966666666666667,0.7,31
3969,50.5,4452.0,0.0,0.0,0.0,0.0,0.505,0.3,445
3970,53.2,4688.3,0.0,0.0,0.1,0.0,0.532,0.3,469
3971,45.0,758.0,1.0,0.0,3.0,0.0,0.45,0.3,76
3972,54.0,8174.75,1.75,0.0,0.0,0.5,0.54,0.5,817
3974,45.25,9762.0,0.25,0.0,0.25,0.25,0.4525,0.4,976
3975,39.5,895.5,10.0,0.0,0.5,0.5,0.395,0.5,90
3978,46.0,638.0,1.0,0.0,0.0,1.0,0.46,0.7,64
3979,34.0,335.0,0.0,0.0,2.0,0.0,0.34,0.3,34
3985,41.0,306.0,0.0,0.0,0.0,0.0,0.41,0.3,31
3989,53.0,1848.3,9.95,0.0,0.7,1.0,0.53,0.7,185
3990,80.0,19011.0,1.0,0.0,1.0,0.5,0.8,0.5,1901
3995,48.0,4639.0,1.8,0.0,0.2,0.0,0.48,0.3,464
3996,28.8,89.6,2.2,0.0,0.2,0.6,0.28800000000000003,0.54,9
3997,40.6,433.6,1.2,0.0,0.0,1.0,0.406,0.7,43
3999,10.0,0.0,0.0,0.0,0.0,0.0,0.1,0.3,0
4001,63.333333333333336,29490.5,0.6666666666666666,0.0,0.6111111144224802,0.0,0.6333333333333333,0.3,2949
4002,53.0,5238.0,0.0,0.0,0.0,0.0,0.53,0.3,524
4010,17.0,10.0,0.0,0.0,0.0,0.0,0.17,0.3,1
4013,53.0,5254.0,0.0,0.0,0.0,0.0,0.53,0.3,525
4014,41.0,1032.0,0.0,0.0,0.0,0.0,0.41,0.3,103
4019,63.0,2852.0,2.0,0.0,0.0,1.0,0.63,0.7,285
4020,46.0,360.3333333333333,0.0,0.0,0.3333333333333333,0.0,0.46,0.3,36
4022,49.0,2658.0,8.0,0.0,-1.0,1.0,0.49,0.7,266
4023,59.0,48662.25,1.25,0.0,0.0,0.0,0.59,0.3,4866
4028,53.0,1005.5,0.0,0.0,1.5,0.0,0.53,0.3,101
4036,56.0,1058.5,0.0,0.0,0.25,0.0,0.56,0.3,106
4038,43.0,632.0,0.0,0.0,0.0,0.0,0.43,0.3,63
4043,45.0,357.0,0.0,0.0,0.6666666666666666,0.0,0.45,0.3,36
4044,32.166666666666664,731.5,5.833333333333333,0.0,1.3333333333333333,0.6666666666666666,0.32166666666666666,0.5666666666666667,73
4048,49.5,2726.0,0.5,0.0,0.5,0.0,0.495,0.3,273
4052,17.0,31.0,0.0,0.0,0.0,0.0,0.17,0.3,3
4055,23.5,33.75,0.0,0.0,0.0,0.0,0.235,0.3,3
4056,39.63636363636363,1168.5454545454545,7.909090909090909,0.0,0.2727272727272727,0.45454545454545453,0.3963636363636363,0.4818181818181818,117
4059,61.0,1124.5,0.0,0.0,0.0,0.0,0.61,0.3,112
4065,19.0,85.0,0.0,0.0,0.0,0.0,0.19,0.3,8
4068,41.5,186.5,0.5,0.0,1.0,0.5,0.415,0.5,19
4080,43.0,514.0,2.5,0.0,-0.16666667163372,0.5,0.43,0.5,51
4081,23.666666666666668,17.666666666666668,52.333333333333336,0.0,0.0,1.0,0.2366666666666667,0.7,2
4082,46.0,1861.5,98.5,0.0,1.166666626930235,0.5,0.46,0.5,186
4083,44.5,492.0,10.0,0.0,0.0,1.0,0.445,0.7,49
4093,30.0,33.0,1.0,0.0,2.0,1.0,0.3,0.7,3
4095,24.0,121.0,3.0,0.0,1.0,1.0,0.24,0.7,12
4096,56.5,1170.0,59.0,0.0,0.0,1.0,0.565,0.7,117
4097,60.0,7968.5,0.0,0.0,-0.5,0.0,0.6,0.3,797
4101,53.666666666666664,1916.6666666666667,5.666666666666667,0.0,0.6666666666666666,0.0,0.5366666666666666,0.3,192
4103,26.5,312.5,0.5,0.0,-0.25,0.5,0.265,0.5,31
4113,58.0,5263.0,1.0,0.0,0.0,0.0,0.58,0.3,526
4115,26.0,77.0,30.0,0.0,0.0,1.0,0.26,0.7,8
4116,30.0,116.0,0.0,0.0,2.0,0.0,0.3,0.3,12
4123,60.0,984.0,0.0,0.0,0.0,0.0,0.6,0.3,98
4141,12.0,1.0,0.0,0.0,0.0,0.0,0.12,0.3,0
4142,50.0,682.0,7.0,0.0,1.5,0.5,0.5,0.5,68
4145,55.0,3228.0,0.0,0.0,0.5,0.0,0.55,0.3,323
4146,30.0,41.0,0.0,0.0,1.3333333333333333,0.0,0.3,0.3,4
4150,43.333333333333336,1016.3333333333334,0.3333333333333333,0.0,1.0,0.3333333333333333,0.43333333333333335,0.43333333333333335,102
4158,24.0,157.0,0.0,0.0,0.0,0.0,0.24,0.3,16
4159,13.0,2.0,43.0,0.0,0.0,1.0,0.13,0.7,0
4160,42.0,239.0,1.0,0.0,0.0,1.0,0.42,0.7,24
4165,62.0,4290.0,2.0,0.0,0.0,1.0,0.62,0.7,429
4175,49.5,1065.5,1.5,0.0,0.0,0.0,0.495,0.3,107
4177,52.0,7752.5,0.0,0.0,0.0,0.0,0.52,0.3,775
4188,39.5,464.5,11.0,0.0,0.25,0.5,0.395,0.5,46
4192,20.666666666666668,158.33333333333334,7.666666666666667,0.0,1.0,0.6666666666666666,0.20666666666666667,0.5666666666666667,16
4197,35.0,4410.0,0.0,0.0,0.0,0.0,0.35,0.3,441
4199,26.0,134.0,0.5,0.0,0.0,0.5,0.26,0.5,13
4200,47.0,562.0,0.0,0.0,0.0,0.0,0.47,0.3,56
4211,56.0,3657.4,46.2,0.0,0.0,0.4,0.56,0.46,366
4221,26.0,139.0,0.0,0.0,0.0,0.0,0.26,0.3,14
4226,41.0,4551.333333333333,11.333333333333334,0.0,0.0,1.0,0.41,0.7,455
4233,48.0,3726.0,0.0,0.0,0.0,0.0,0.48,0.3,373
4239,19.0,280.0,0.0,0.0,0.0,0.0,0.19,0.3,28
4252,23.5,26.5,0.0,0.0,0.0,0.0,0.235,0.3,3
4260,19.0,64.0,0.0,0.0,2.5,0.0,0.19,0.3,6
4264,59.0,48089.6,5.2,0.0,1.0,0.4,0.59,0.46,4809
4272,44.0,2242.0,2.0,0.0,0.0,0.0,0.44,0.3,224
4279,46.5,1130.5,0.0,0.0,2.0,0.0,0.465,0.3,113
4283,26.0,79.0,0.0,0.0,0.0,0.0,0.26,0.3,8
4291,43.0,969.0,0.0,0.0,0.0,0.0,0.43,0.3,97
4304,54.0,4017.0,133.0,0.0,0.0,1.0,0.54,0.7,402
4307,44.0,2220.0,2.0,0.0,0.0,0.0,0.44,0.3,222
4310,42.0,110.0,0.0,0.0,0.0,0.0,0.42,0.3,11
4335,44.0,569.0,1.0,0.0,-0.666666686534881,1.0,0.44,0.7,57
4339,18.0,39.0,0.0,0.0,0.0,0.0,0.18,0.3,4
4348,35.0,375.0,0.0,0.0,2.0,0.0,0.35,0.3,38
4349,49.0,1244.0,2.0,0.0,0.0,1.0,0.49,0.7,124
4352,23.0,193.4,1.8,0.0,1.2,0.6,0.23,0.54,19
4353,48.0,517.0,0.0,0.0,0.0,0.0,0.48,0.3,52
4357,40.0,312.0,0.0,0.0,0.0,0.0,0.4,0.3,31
4364,37.0,972.0,4.0,0.0,-0.3333333333333333,0.3333333333333333,0.37,0.43333333333333335,97
4367,42.0,407.0,0.0,0.0,2.0,0.0,0.42,0.3,41
4368,44.0,514.0,1.0,0.0,4.0,0.0,0.44,0.3,51
4377,61.0,9247.0,0.0,0.0,3.0,0.0,0.61,0.3,925
4382,45.0,766.0,0.0,0.0,0.0,0.0,0.45,0.3,77
4384,35.0,234.0,0.0,0.0,0.0,0.0,0.35,0.3,23
4385,37.0,80.0,0.0,0.0,1.125,0.0,0.37,0.3,8
4386,41.0,236.0,13.0,0.0,-4.0,1.0,0.41,0.7,24
4387,26.0,36.0,0.0,0.0,3.0,0.0,0.26,0.3,4
4388,43.0,224.0,0.0,0.0,0.0,0.0,0.43,0.3,22
4391,43.666666666666664,653.0,0.0,0.0,-1.3333333333333333,0.0,0.43666666666666665,0.3,65
4399,25.0,80.0,16.0,0.0,0.0,1.0,0.25,0.7,8
4409,47.0,881.0,0.0,0.0,0.0,0.0,0.47,0.3,88
4421,45.0,359.0,1.0,0.0,0.0,0.0,0.45,0.3,36
4430,51.0,898.0,1.0,0.0,2.0,0.0,0.51,0.3,90
4432,54.0,10099.0,7.0,0.0,0.0,1.0,0.54,0.7,1010
4449,42.0,234.0,0.0,0.0,0.0,0.0,0.42,0.3,23
4451,21.0,431.0,1.0,0.0,3.0,1.0,0.21,0.7,43
4481,0.0,565.0,0.0,0.0,0.0,0.0,0.0,0.3,56
4483,61.0,21035.0,5.0,0.0,0.0,1.0,0.61,0.7,2104
4486,0.0,590.0,1.0,0.0,0.0,0.0,0.0,0.3,59
4489,49.0,748.0,0.0,0.0,0.0,0.0,0.49,0.3,75
4500,40.5,415.5,0.0,0.0,3.0,0.0,0.405,0.3,42
4502,39.5,751.0,0.0,0.0,0.0,0.0,0.395,0.3,75
4503,34.333333333333336,613.0,12.0,0.0,-1.3333333333333333,0.6666666666666666,0.3433333333333334,0.5666666666666667,61
4515,58.0,3502.0,1.0,0.0,0.0,0.5,0.58,0.5,350
4517,40.0,644.0,0.0,0.0,-2.0,0.0,0.4,0.3,64
4518,38.0,721.0,3.0,0.0,-4.0,1.0,0.38,0.7,72
4527,44.0,135.0,0.0,0.0,-2.0,0.0,0.44,0.3,14
4534,47.0,1052.0,0.0,0.0,0.0,0.0,0.47,0.3,105
4541,40.0,550.0,0.0,0.0,1.0,0.0,0.4,0.3,55
4543,48.0,944.0,49.0,0.0,0.0,1.0,0.48,0.7,94
4550,49.0,200.0,18.0,0.0,0.0,1.0,0.49,0.7,20
4573,39.0,530.0,0.0,0.0,0.0,0.0,0.39,0.3,53
4598,46.0,7370.5,0.0,0.0,0.0,0.0,0.46,0.3,737
4621,15.75,7235.75,13.5,0.0,-1.0,0.25,0.1575,0.4,724
4636,0.0,390.0,0.0,0.0,0.0,0.0,0.0,0.3,39
4648,36.0,403.0,0.0,0.0,0.0,0.0,0.36,0.3,40
4679,35.0,2772.0,1.0,0.0,1.0,0.5,0.35,0.5,277
4682,50.0,700.0,0.0,0.0,2.0,0.0,0.5,0.3,70
4701,21.0,113.0,0.0,0.0,0.0,0.0,0.21,0.3,11
4738,28.0,102.0,53.0,0.0,0.0,1.0,0.28,0.7,10
4743,48.0,2125.0,0.0,0.0,0.0,0.0,0.48,0.3,212
4757,41.0,565.0,0.0,0.0,-2.0,0.0,0.41,0.3,56
4796,49.0,4575.0,28.0,0.0,0.0,1.0,0.49,0.7,458
4801,41.0,1465.0,7.0,0.0,1.0,1.0,0.41,0.7,146
4802,43.0,1068.0,39.0,0.0,0.0,1.0,0.43,0.7,107
4803,56.0,21214.0,12.0,0.0,0.0,1.0,0.56,0.7,2121
4804,41.0,1216.0,0.0,0.0,0.0,0.0,0.41,0.3,122
4805,43.0,371.5,5.5,0.0,-2.0,0.5,0.43,0.5,37
4806,41.0,117.0,0.0,0.0,0.0,0.0,0.41,0.3,12
4807,34.0,92.0,0.0,0.0,0.0,0.0,0.34,0.3,9
4808,14.0,4.0,0.0,0.0,0.0,0.0,0.14,0.3,0
4809,37.0,77.0,1.0,0.0,0.0,1.0,0.37,0.7,8
4810,68.0,3976.0,1.0,0.0,0.0,0.0,0.68,0.3,398
4811,23.0,211.0,7.0,0.0,0.0,1.0,0.23,0.7,21
4812,41.25,1281.75,0.0,0.0,0.0,0.0,0.4125,0.3,128
4813,38.0,92.0,0.0,0.0,0.0,0.0,0.38,0.3,9
4814,39.0,491.0,17.0,0.0,0.0,1.0,0.39,0.7,49
4815,42.0,668.0,50.0,0.0,0.0,1.0,0.42,0.7,67
4830,46.0,1124.0,3.0,0.0,0.0,1.0,0.46,0.7,112
4841,18.0,20.0,2.0,0.0,0.0,1.0,0.18,0.7,2
4843,35.0,445.0,0.0,0.0,0.0,0.0,0.35,0.3,44
4849,43.0,761.0,0.0,0.0,2.0,0.0,0.43,0.3,76
4854,31.0,156.0,48.0,0.0,0.0,1.0,0.31,0.7,16
4866,51.0,1664.0,0.0,0.0,0.0,0.0,0.51,0.3,166
4869,33.0,58.0,0.0,0.0,0.5,0.0,0.33,0.3,6
4970,40.0,153.0,0.0,0.0,3.0,0.0,0.4,0.3,15
5002,28.0,44.0,1.0,0.0,0.0,1.0,0.28,0.7,4
5032,13.0,28.0,0.0,0.0,0.0,0.0,0.13,0.3,3
5096,39.0,129.0,0.0,0.0,0.0,0.0,0.39,0.3,13
5102,49.0,1397.0,0.0,0.0,0.0,0.0,0.49,0.3,140
5133,15.0,30.0,78.0,0.0,0.0,1.0,0.15,0.7,3
5148,12.0,6.0,0.0,0.0,0.0,0.0,0.12,0.3,1
5162,22.0,62.0,0.0,0.0,0.0,0.0,0.22,0.3,6
5183,20.0,91.0,0.0,0.0,-1.0,0.0,0.2,0.3,9
5223,41.0,745.0,0.0,0.0,-1.0,0.0,0.41,0.3,74
5224,27.0,1324.0,0.0,0.0,0.0,0.0,0.27,0.3,132
5225,52.0,1049.0,1.0,0.0,2.0,0.0,0.52,0.3,105
5226,35.0,196.0,0.0,0.0,4.0,0.0,0.35,0.3,20
5240,44.0,1565.0,0.0,0.0,2.0,0.0,0.44,0.3,156
5247,13.0,24.0,0.0,0.0,0.0,0.0,0.13,0.3,2
5264,20.0,71.0,0.0,0.0,0.0,0.0,0.2,0.3,7
5288,42.0,1458.0,0.0,0.0,3.0,0.0,0.42,0.3,146
5290,57.0,34419.0,3.0,0.0,0.0,1.0,0.57,0.7,3442
5390,25.0,24.0,6.0,0.0,0.0,1.0,0.25,0.7,2
5391,53.0,3122.0,0.0,0.0,-4.0,0.0,0.53,0.3,312
5392,56.0,3870.0,1.0,0.0,-1.5,1.0,0.56,0.7,387
5393,42.0,155.0,2.0,0.0,4.0,1.0,0.42,0.7,16
5394,46.0,1058.0,52.0,0.0,0.5,1.0,0.46,0.7,106
5395,40.0,339.0,1.0,0.0,0.0,0.0,0.4,0.3,34
5396,50.0,1903.0,1.0,0.0,0.0,1.0,0.5,0.7,190
5411,0.0,12.0,0.0,0.0,0.0,0.0,0.0,0.3,1
5491,56.0,28646.0,0.0,0.0,0.0,0.0,0.56,0.3,2865
5516,23.0,16.0,31.0,0.0,0.0,1.0,0.23,0.7,2
5545,36.0,410.0,1.0,0.0,4.0,0.0,0.36,0.3,41
5546,26.0,14.0,13.0,0.0,0.0,1.0,0.26,0.7,1
5547,49.0,15589.666666666666,1.3333333333333333,0.0,0.0,1.0,0.49,0.7,1559
5548,41.0,1055.0,0.0,0.0,0.0,0.0,0.41,0.3,106
5549,36.0,102.0,0.0,0.0,2.0,0.0,0.36,0.3,10
5550,21.0,76.0,0.0,0.0,-2.0,0.0,0.21,0.3,8
5571,15.0,7.0,0.0,0.0,-1.0,0.0,0.15,0.3,1
5597,55.0,2738.0,1.0,0.0,-1.5,0.0,0.55,0.3,274
5760,49.0,3651.0,0.0,0.0,-1.0,0.0,0.49,0.3,365
5821,39.0,1631.0,17.0,0.0,1.0,1.0,0.39,0.7,163
5822,26.0,201.0,0.0,0.0,0.0,0.0,0.26,0.3,20
5823,46.0,2669.0,1.0,0.0,-2.0,1.0,0.46,0.7,267
5824,38.0,179.0,1.0,0.0,0.0,0.0,0.38,0.3,18
5825,17.0,48.0,1.0,0.0,0.0,1.0,0.17,0.7,5
5826,19.0,4.0,0.0,0.0,2.0,0.0,0.19,0.3,0
5903,42.0,182.0,4.0,0.0,0.0,1.0,0.42,0.7,18
6061,47.0,588.0,0.0,0.0,0.0,0.0,0.47,0.3,59
6230,43.0,505.0,0.0,0.0,0.0,0.0,0.43,0.3,50
6238,13.0,28.0,32.0,0.0,0.0,1.0,0.13,0.7,3
6243,31.5,266.0,16.0,0.0,0.5,0.5,0.315,0.5,27
6277,53.0,1137.0,0.0,0.0,2.0,0.0,0.53,0.3,114
6278,22.0,7.0,0.0,0.0,0.0,0.0,0.22,0.3,1
6283,41.0,331.0,1.0,0.0,0.0,1.0,0.41,0.7,33
6285,43.0,721.0,0.0,0.0,3.0,0.0,0.43,0.3,72
